"Code","clust","Resource.Concern.Component..to.the.right....Practice.Name..down.","crop","farmstead","forest","otheragland","pasture","range","Sheet.and.rill.erosion","Wind.erosion","Ephemeral.gully.erosion","Classic.gully.erosion","Bank.erosion.from.streams..shorelines.or.water.conveyance.channels","Subsidence","Compaction","Organic.matter.depletion","Concentration.of.salts.or.other.chemicals","Soil.organism.habitat.loss.or.degradation","Aggregate.instability","Ponding.and.flooding","Seasonal.high.water.table","Seeps","Drifted.snow","Moisture.Management","Drought.susceptibility","Surface.water.depletion","Groundwater.depletion","Inefficient.irrigation.water.use","Nonpoint.nitrogen.surface.loss","Nonpoint.phosphorus.surface.loss","Nonpoint.nitrogen.leaching.loss","Nonpoint.phosphorus.leaching.loss","Nonpoint.pathogen.surface.loss.","Nonpoint.pathogen.loss.to.groundwater","Sediment.from.erosion.sources","Nonpoint.pesticide.surface.loss","Nonpoint.pesticide.drift.to.surface.water","Nonpoint.pesticide.leaching.loss","Concentrated.nutrient.and.pathogen.effluent.from.domestic.animal.confinement..including.milkhouse.waste.and.silage.leachate","Concentrated.nutrient.and.pathogen.surface.loss.from.domestic.animals.standing.in.surface.water","Concentrated.nutrient.and.pathogen.surface.loss.from.storage.and.handling.of.manure..compost..biosolids.or.non.ag.food.waste","Concentrated.nutrient.and.pathogen.leaching.loss.from.domestic.animal.confinement..including.milkhouse.waste.and.silage.leachate","Concentrated.nutrient.and.pathogen.leaching.loss.from.storage.and.handling.of.manure..compost..biosolids.or.non.ag.food.waste","Concentrated.agrichemical.runoff.loss.from.storage.and.handling.of.fertilizer.and.pesticides","Petroleum.and.other.pollutant.containment.to.surface.water","Mine.waste.remediation.and.containment...surface.water","Concentrated.agrichemical.leaching.loss.from.storage.and.handling.of.fertilizer.and.pesticides","Petroleum.and.other.pollutant.containment.to.groundwater","Mine.waste.remediation.and.containment...groundwater","Salt.loss.to.surface.water","Salt.loss.to.groundwater","PM...diesel.engines","PM...non.engine.combustion.equipment","PM...open.burning","PM...pesticide.drift","PM...nitrogen.fertilizer","PM...dust.from.field.operations","PM...dust.from.unpaved.roads","PM...windblown.dust","PM...confined.animal.activities","GHGs...confined.animal.activities","GHGs...nitrogen.fertilizer","GHGs...carbon.stock","GHGs...hydric...organic.soils","GHGs...grazing.operations","Ozone...diesel.engines","Ozone...non.engine.combustion.equipment","Ozone...confined.animal.activities","Ozone...open.burning","Ozone...pesticides","Odor...confined.animal.activity","Odor...nitrogen.fertilizer","Reactive.nitrogen...open.burning","Reactive.nitrogen...nitrogen.fertilizer","Reactive.nitrogen...confined.animal.activities","Plant.pest.pressure","Chemical.resistance","Invasive.species","Plant.productivity.and.health","Plant.structure.and.composition","Wildfire.hazard.from.biomass.accumulation","Feed.and.forage.balance","Inadequate.livestock.shelter","Inadequate.livestock.water.quantity..quality.and.distribution","Terrestrial.habitat.for.wildlife.and.invertebrates","Aquatic.habitat.for.fish.and.other.organisms","Water.temperature.effects.on.aquatic.habitat","Energy.efficiency.of.equipment.and.facilities","Energy.efficiency.of.farming.ranching.practices.and.field.operations"
"x309",1,"Agrichemical Handling Facility",0.779173571005246,0.920187774095964,0,0.777217933952982,0,0,0,0,0,0,0,0,0,0,0,0,0,0,0,0,0,0,NA,0,0,0,0,0,0,0,0,0,0,0,0,0,0,0,0,0,0,14.456832294801,0,0,14.456832294801,0,0,0,0,0,0,0,0,0,0,0,0,0,0,0,0,0,0,0,0,0,0,0,0,0,0,0,0,0,NA,NA,0,0,0,0,0,0,0,0,0,0,0
"x310",2,"Bedding",0.467504142603148,0.460093887047982,0.439036529963176,0.388608966976491,0.398976572783449,0.425023770983414,0,0,0,0,0,0,0,0,0,0,0,4.14708094384806,0,0,0,0,NA,0,0,0,0,0,0,0,0,0,0,0.221323794302164,0,0.360359310807939,0,0,0,0,0,0,0,0,0,0,0,0,0,0,0,0,0,0,0,0,0,0,0,0,0,0,0,0,0,0,0,0,0,0,0,0,0,0,NA,NA,0,0,0,0,0,0,0,0,0,0,0
"x311",2,"Alley Cropping",1.46484631348986,0.0368075109638386,1.41369762648143,0.847167548008751,0.247365475125738,0.263514738009717,0.374618601861728,0.272964840083057,0,0,0,0,0,0.129726837079442,0,0,0,0,1.21617145344131,0,2.84637731446952,1.4399173276942,NA,0,0,0,0.824712655331292,0.809383165097222,0,0,0,0,0.599021513636728,1.41647228353385,2.78040909903254,1.80179655403969,0,0,0,0,0,0,0,0,0,0,0,0,0,0,0,0,0,0,0,0,0,0,0,0,1.13061375445981,0,0,0,0,0,0,0,0,0,0,0,0,0,NA,NA,1.08903742914011,0,0,0,0,0,0,0,0,0,0
"x313",3,"Waste Storage Facility",0.389586785502623,0.460093887047982,0,0.388608966976491,0,0,0,0,0,0,0,0,0,0,0,0,0,0,0,0,0,0,NA,0,0,0,0,0,0,0,0,0,0,0,0,0,0,0,4.54646342450147,0,4.54646342450147,0,0,0,0,0,0,0,0,0,0,0,0,0,0,0,0,0,0,0,0,0,0,0,0,0,0,0,0,0,0,0,0,0,NA,NA,0,0,0,0,0,0,0,0,0,0,0
"x314",4,"Brush Management",0.545421499703672,1.22384973954763,1.24686374509542,0.994838955459818,1.26874550145137,2.45663739628413,0.561927902792592,1.09185936033223,0,0.969455037057071,0,0,0,0,0,0,0,0.414708094384806,0,0,0,1.4399173276942,NA,1.46274447049935,1.22504897332515,0,0,0,0,0,0,0,0.299510756818364,0.885295177208655,0,1.44143724323176,0,0,0,0,0,0,0,0,0,0,0,0,0,0,0,0,0,0,0,0,0,0,0,0,0,0,0,0,0,0,0,0,0,0,0,0,0,8.5886381855538,NA,NA,4.71916219294047,6.79285338741071,5.52053845044942,3.36969415669693,0,0,2.36219105988101,0,0,0,0
"x315",4,"Herbaceous Weed Treatment",0.132459507070892,0.883380263132125,1.18539863090057,0.862711906687811,1.40439753619774,1.87860506774669,2.43502091210123,0.682412100207641,0,0.415480730167316,0,0,0,0,0,0,0,0,0,0,0,0.191988977025893,NA,0,0,0,0,0,0,0,0,0,0.299510756818364,0.885295177208655,0,1.44143724323176,0,0,0,0,0,0,0,0,0,0,0,0,0,0,0,0,0,0,0,0,0,0,0,0,0,0,0,0,0,0,0,0,0,0,0,0,0,7.51505841235958,NA,NA,5.26368090751052,7.99159222048319,2.20821538017977,7.16060008298097,0,0,2.44093076187705,0.623278297738038,1.23064729050333,0,0
"x316",3,"Animal Mortality Facility",0.389586785502623,0.644131441867175,0,0.388608966976491,0.398976572783449,0,0,0,0,0,0,0,0,0,0,0,0,0,0,0,0,0,NA,0,0,0,0,0,0,0,0,0,0,0,0,0,5.34979770659981,0,0,5.34979770659981,0,0,0,0,0,0,0,0,0,0,0,0,0,0,0,0,0,0,0,0,0,0,0,0,0,0,0,0,1.92543944936493,0,0,0,0,0,NA,NA,0,0,0,0,0,0,0,0,0,0,0
"x317",3,"Composting Facility",0.389586785502623,1.38028166114395,0,0.388608966976491,0.398976572783449,0,0,0,0,0,0,0,0,0,0,0,0,0,0,0,0,0,NA,0,0,0,0,0,0,0,0,0,0,0,0,0,0,0,6.06195123266863,0,6.06195123266863,0,0,0,0,0,0,0,0,0,0,0,0,0,0,0,0,2.25448105445637,1.68564223015938,0,0,0,0,0,0,2.3686996970983,0,0,1.92543944936493,0,0,0,1.94384440566788,0,NA,NA,0,0,0,0,0,0,0,0,0,0,0
"x318",3,"Short Term Storage of Animal Waste and Byproducts",0.389586785502623,0.460093887047982,0,0.388608966976491,0.398976572783449,0,0,0,0,0,0,0,0,0,0,0,0,0,0,0,0,0,NA,0,0,0,0,0,0,0,0,0,0,0,0,0,0,0,6.06195123266863,0,6.06195123266863,0,0,0,0,0,0,0,0,0,0,0,0,0,0,0,0,0,0,0,0,0,0,0,0,0,0,0,0,0,0,0,0,0,NA,NA,0,0,0,0,0,0,0,0,0,0,0
"x319",1,"On-Farm Secondary Containment Facility",0.779173571005246,0.920187774095964,0,0.777217933952982,0,0,0,0,0,0,0,0,0,0,0,0,0,0,0,0,0,0,NA,0,0,0,0,0,0,0,0,0,0,0,0,0,0,0,0,0,0,0,14.456832294801,0,0,14.456832294801,0,0,0,0,0,0,0,0,0,0,0,0,0,0,0,0,0,0,0,0,0,0,0,0,0,0,0,0,NA,NA,0,0,0,0,0,0,0,0,0,0,0
"x320",2,"Irrigation Canal or Lateral",0.311669428402098,0.368075109638386,0.351229223970541,0.310887173581193,0.319181258226759,0.340019016786731,0,0,0,0,0,0,0,0,0,0,0,0,0,0,0,0,NA,1.46274447049935,1.22504897332515,2.28117718378537,0,0,0,0,0,0,0,0,0,0,0,0,0,0,0,0,0,0,0,0,0,0,0,0,0,0,0,0,0,0,0,0,0,0,0,0,0,0,0,0,0,0,0,0,0,0,0,0,NA,NA,0,0,0,0,0,0,0,0,0,0,0
"x324",2,"Deep Tillage",0.662297535354459,0.644131441867175,0.605870411349182,0.660635243860035,0.678260173731863,0.170009508393366,0,0,0,0,0,0,4.7164138999547,0.518907348317766,0.758903066309452,0.579562642984222,0.593504162589645,0,1.21617145344131,0,0,1.27992651350595,NA,1.46274447049935,1.22504897332515,0,0,0,0,0,0,0,0,1.32794276581298,0,0,0,0,0,0,0,0,0,0,0,0,0,0,0,0,0,0,0,0,0,0,0,0,0,0,0,0,0,0,0,0,0,0,0,0,0,0,0,0,NA,NA,0,0,0,0,0,0,0,0,0,0,0
"x325",2,"High Tunnel System",0.4752958783132,0.395680742861265,0,0.334203711599782,0.343119852593766,0.340019016786731,0,0,0,0,0,0,0,0,0,0,0,0,0,0,0,2.79983924829427,NA,0,0,0,0,0,0,0,0,0,0,0.531177106325193,1.73775568689534,1.08107793242382,0,0,0,0,0,0,0,0,0,0,0,0,0,0,0,0,0,0,0,0,0,0,0,0,0,0,0,0,0,0,0,0,0,0,0,0,0,0,NA,NA,0.544518714570054,1.19873883307248,0,0,0,0,0,0,0,0,0
"x326",2,"Clearing and Snagging",0.428545464052885,0.50610327575278,0.482940182959493,0.42746986367414,0.438874230061794,0.467526148081755,0,0,0,0,3.04213946855259,0,0,0,0,0,0,2.48824856630883,0,0,0,0,NA,0,0,0,0,0,0,0,0,0,0,0,0,0,0,0,0,0,0,0,0,0,0,0,0,0,0,0,0,0,0,0,0,0,0,0,0,0,0,0,0,0,0,0,0,0,0,0,0,0,0,0,NA,NA,0,0,0,0,0,0,0,0,0,0,0
"x327",5,"Conservation Cover",4.51141497612037,1.74835677078233,2.63421917977905,4.25915427806234,2.314064122144,1.78509983813034,6.74313483351111,7.09708584215947,0,1.24644219050195,0,0,5.65969667994564,2.20535623035051,5.05935377539635,3.09100076258252,3.16535553381144,0,0,0,2.27710185157562,0.959944885129465,NA,2.19411670574903,1.83757345998773,0,0,0,0,0,0,0,0.898532270455092,0.442647588604328,0,0.720718621615878,0,0,0,0,0,0,0,0,0,0,0,0,0,0,0,0,0,0,0,0,3.39985648968206,0,0,0,6.59524690101554,14.456832294801,0,0,0,0,0,0,0,0,0,0,0,0,NA,NA,0,0,0,0,0,0,0.472438211976203,0,0,0,0
"x328",4,"Conservation Crop Rotation",1.89339177754275,0,0.017561461198527,0.582913450464737,0.319181258226759,0,0.374618601861728,0.136482420041528,0,0,0,0,0.628855186660627,0.648634185397208,1.26483844384909,0.386375095322815,0.39566944172643,0.138236031461602,0,0,0,0.959944885129465,NA,0.731372235249677,0.612524486662575,1.14058859189268,0,0,0,0,0,0,0,0.221323794302164,0,0.360359310807939,0,0,0,0,0,0,0,0,0,0,0,8.34665601703261,10.2225241501304,0,0,0,0,0,0,0,0,0,0,0,0.188435625743301,0,0,0,0,0,0,0,0,0,0,0,0,1.07357977319423,NA,NA,0,0,0,0.842423539174232,0,0,0,0,0,0,0
"x329",4,"Residue and Tillage Management, No-Till",4.30103811194896,0.395680742861265,0.377571415768331,1.03369985215747,1.3644998789194,0.127507131295024,0.749237203723456,0.81889452024917,0,0,0,0,1.57213796665157,0.778361022476649,1.26483844384909,0.965937738307037,0.989173604316075,0.138236031461602,0,0,0.189758487631302,1.27992651350595,NA,0.487581490166451,0.204174828887525,0.760392394595123,4.81082382276587,4.72140179640046,0,0,0,0,1.19804302727346,1.15088373037125,0,1.08107793242382,0,0,0,0,0,0,0,0,0,0,0,0,0,0,0,0,0,0,9.35574232917488,0,1.58659969518496,0,0,0,1.31904938020311,0,0,0,0,0,0,0,0,0,0,0,0,0,NA,NA,0,0,0,0,0,0,0,0,0,0,7.03562363973514
"x330",2,"Contour Farming",0.529838028283567,0.110422532891516,0.667335525544027,0.404153325655551,0.0957543774680278,0.44202472182275,0.187309300930864,0,1.31698133396981,0,0,0,0.94328277999094,0.648634185397208,0.758903066309452,0.579562642984222,0.593504162589645,0,0,0,0,0.959944885129465,NA,0.731372235249677,0.612524486662575,0,0.412356327665646,0.404691582548611,0,0,0,0,0.449266135227546,1.32794276581298,0,0,0,0,0,0,0,0,0,0,0,0,0,0,0,0,0,0,0,0,0,0,0,0,0,0,0,0,0,0,0,0,0,0,0,0,0,0,0,0,NA,NA,0,0,0,0,0,0,0,0,0,0,0
"x331",2,"Contour Orchard and Other Rangelands",0.451920671183043,0.0184037554819193,0.456597991161703,0.326431532260253,0.414935635694787,0.357019967626068,0.187309300930864,0,0,0,0,0,0,0.129726837079442,0,0,0,0,0,0,0,1.59990814188244,NA,1.21895372541613,1.02087414443763,0,0.412356327665646,0.404691582548611,0,0,0,0,0.224633067613773,0.663971382906491,0,0,0,0,0,0,0,0,0,0,0,0,0,0,0,0,0,0,0,0,0,0,0,0,0,0,0,0,0,0,0,0,0,0,0,0,0,0,0,0,NA,NA,0,0,0,0,0,0,0,0,0,0,0
"x331",2,"Contour Orchard and Other Assoc Ag Lands",0.451920671183043,0.0184037554819193,0.456597991161703,0.326431532260253,0.414935635694787,0.357019967626068,0.187309300930864,0,0,0,0,0,0,0.129726837079442,0,0,0,0,0,0,0,1.59990814188244,NA,1.21895372541613,1.02087414443763,0,0.412356327665646,0.404691582548611,0,0,0,0,0.224633067613773,0.663971382906491,0,0,0,0,0,0,0,0,0,0,0,0,0,0,0,0,0,0,0,0,0,0,0,0,0,0,0,0,0,0,0,0,0,0,0,0,0,0,0,0,NA,NA,0,0,0,0,0,0,0,0,0,0,0
"x331",2,"Contour Orchard and Other Pastures",0.451920671183043,0.0184037554819193,0.456597991161703,0.326431532260253,0.414935635694787,0.357019967626068,0.187309300930864,0,0,0,0,0,0,0.129726837079442,0,0,0,0,0,0,0,1.59990814188244,NA,1.21895372541613,1.02087414443763,0,0.412356327665646,0.404691582548611,0,0,0,0,0.224633067613773,0.663971382906491,0,0,0,0,0,0,0,0,0,0,0,0,0,0,0,0,0,0,0,0,0,0,0,0,0,0,0,0,0,0,0,0,0,0,0,0,0,0,0,0,NA,NA,0,0,0,0,0,0,0,0,0,0,0
"x331",2,"Contour Orchard and Other Forests",0.451920671183043,0.0184037554819193,0.456597991161703,0.326431532260253,0.414935635694787,0.357019967626068,0.187309300930864,0,0,0,0,0,0,0.129726837079442,0,0,0,0,0,0,0,1.59990814188244,NA,1.21895372541613,1.02087414443763,0,0.412356327665646,0.404691582548611,0,0,0,0,0.224633067613773,0.663971382906491,0,0,0,0,0,0,0,0,0,0,0,0,0,0,0,0,0,0,0,0,0,0,0,0,0,0,0,0,0,0,0,0,0,0,0,0,0,0,0,0,NA,NA,0,0,0,0,0,0,0,0,0,0,0
"x331",2,"Contour Orchard and Other Perennial Crops",0.451920671183043,0.0184037554819193,0.456597991161703,0.326431532260253,0.414935635694787,0.357019967626068,0.187309300930864,0,0,0,0,0,0,0.129726837079442,0,0,0,0,0,0,0,1.59990814188244,NA,1.21895372541613,1.02087414443763,0,0.412356327665646,0.404691582548611,0,0,0,0,0.224633067613773,0.663971382906491,0,0,0,0,0,0,0,0,0,0,0,0,0,0,0,0,0,0,0,0,0,0,0,0,0,0,0,0,0,0,0,0,0,0,0,0,0,0,0,0,NA,NA,0,0,0,0,0,0,0,0,0,0,0
"x331",2,"Contour Orchard and Other Farmsteads",0.451920671183043,0.0184037554819193,0.456597991161703,0.326431532260253,0.414935635694787,0.357019967626068,0.187309300930864,0,0,0,0,0,0,0.129726837079442,0,0,0,0,0,0,0,1.59990814188244,NA,1.21895372541613,1.02087414443763,0,0.412356327665646,0.404691582548611,0,0,0,0,0.224633067613773,0.663971382906491,0,0,0,0,0,0,0,0,0,0,0,0,0,0,0,0,0,0,0,0,0,0,0,0,0,0,0,0,0,0,0,0,0,0,0,0,0,0,0,0,NA,NA,0,0,0,0,0,0,0,0,0,0,0
"x332",3,"Contour Buffer Strips",1.0986347351174,0.588920175421417,0.561966758352865,0.847167548008751,0.510690013162815,0.926551820743842,0.749237203723456,0,1.31698133396981,0,0,0,0,0.259453674158883,0,0,0,0,0,0,0.284637731446952,0.959944885129465,NA,0.731372235249677,0.612524486662575,0,4.12356327665646,4.04691582548611,0,0,0,0,2.69559681136528,2.65588553162597,4.17061364854881,0,0,0,0,0,0,0,0,0,0,0,0,0,0,0,0,0,0,0,0,0,0,0,0,0,0,0,0,0,0,0,0,0,0,0,0,0,0,0,NA,NA,0,0,0,0,0,0,0,0,0,0,0
"x333",2,"Amending Soil Properties with Gypsum Products",0.350628106952361,0.0920187774095964,0.0878073059926351,0.310887173581193,0.0797953145566898,0.0850047541966828,0.187309300930864,0.272964840083057,0,0,0,0,0,0,1.01187075507927,0.386375095322815,0.79133888345286,0,0,0,0,0,NA,0,0,0,0,0,0,5.50761446783178,0,0,0,0,0,0,0,0,0,0,0,0,0,0,0,0,0,0,0,0,0,0,0,0,0,0,0,0,0,0,0,0,0,0,0,0,0,0,0,0,0,0,0,0,NA,NA,0,0,0,0,0,0,0,0,0,0,0
"x334",2,"Controlled Traffic Farming",0.101292564230682,0.0184037554819193,0,0.0155443586790596,0.015959062911338,0,0,0,0,0,0,0,0.628855186660627,0.129726837079442,0,0,0,0.110588825169281,0,0,0,0,NA,0,0,0,0,0,0,0,0,0,0,0,0,0,0,0,0,0,0,0,0,0,0,0,0,0,0,0,0,0,0,0,0,0,0,0,0,0,0,0,0,0,0,0,0,0,0,0,0,0,0,0,NA,NA,0,0,0,0,0,0,0,0,0,0,0
"x338",6,"Prescribed Burning",1.71418185621154,1.95079808108344,2.93276402015401,2.25393200846365,3.26362836536861,4.02922534892276,2.43502091210123,1.50130662045681,0,1.59267613230805,0,0,0,0,0,0,0,0.414708094384806,0,0,0,0.479972442564732,NA,0,0,0,0,0,0,0,0,0,1.72218685170559,0,0,0,0,0,0,0,0,0,0,0,0,0,0,0,0,0,0,12.7892618000925,0,0,0,0,0,0,0,0,2.82653438614952,0,0,0,0,0,13.2278775389722,0,0,0,13.2278775389722,0,0,4.2943190927769,NA,NA,3.44861852561034,4.79495533228991,8.09678972732581,4.21211769587116,0,0,2.83462927185722,0,0,0,0
"x340",4,"Cover Crop",3.06994386976067,1.42629104984874,0.886853790525615,1.65547419931985,2.23426880758731,1.31757369004858,1.68578370837778,0.545929680166113,1.31698133396981,0,0,0,2.20099315331219,0.908087859556091,2.52967688769817,0.965937738307037,0.989173604316075,0.138236031461602,0,0,0.948792438156508,2.39986221282366,NA,0.121895372541613,0.102087414443763,0.950490493243903,2.88649429365952,2.83284107784028,5.6704361519945,4.40609157426543,3.50629685666499,3.50629685666499,1.34779840568264,0.79676565948779,0,0.432431172969527,0,0,0,0,0,0,0,0,0,0,0,0,0,0,0,0,0,0,0,0,1.13328549656069,0,0,0,2.63809876040622,0,0,0,0,0,0,0,0,0,0,0,0,1.07357977319423,NA,NA,0,0,0,0,0,0,0,0,0,0,0
"x342",4,"Critical Area Planting",1.22330250647824,2.06122061397496,1.70346173625712,2.57259136138437,1.73953785733584,1.71709603477299,6.55582553258024,5.04984954153655,0,2.4928843810039,4.36039990492538,0,2.51542074664251,3.24317092698604,0,1.54550038129126,1.58267776690572,0,0,0,0,0,NA,0,0,0,0,0,0,0,0,0,2.69559681136528,0,0,0,0,0,0,0,0,0,0,0,0,0,0,0,0,0,0,0,0,0,0,0,3.39985648968206,0,0,0,0.942178128716506,0,0,0,0,0,0,0,0,0,0,0,0,0,NA,NA,2.90409981104029,0,0,0,0,0,0,0.623278297738038,0,0,0
"x345",3,"Residue and Tillage Management, Reduced Till",2.63360666999773,0.294460087710709,0.280983379176432,0.753901395934393,0.837850802845243,0.0850047541966828,0.561927902792592,0.682412100207641,0,0,0,0,0.94328277999094,0.389180511238325,0.758903066309452,0.386375095322815,0.39566944172643,0.138236031461602,0,0,0.189758487631302,0.799954070941221,NA,0.487581490166451,0.204174828887525,0.380196197297561,3.77993300360175,3.70967284002893,0,0,0,0,0.898532270455092,0.708236141766924,0,1.08107793242382,0,0,0,0,0,0,0,0,0,0,0,0,0,0,0,0,0,0,4.00960385536066,0,0.679971297936412,0,0,0,0.942178128716506,0,0,0,0,0,0,0,0,0,0,0,0,0,NA,NA,0,0,0,0,0,0,0,0,0,0,4.69041575982343
"x348",2,"Dam, Diversion",0.233752071301574,0.276056332228789,1.14149497790426,1.01038331413888,1.11713440379366,1.19006655875356,0,0,0,2.76987153444877,0,0,0,0,0,0,0,1.65883237753922,0,0,0,0,NA,0.731372235249677,0.612524486662575,0,0,0,0,0,0,0,2.99510756818364,0,0,0,0,0,0,0,0,0,0,0,0,0,0,0,0,0,0,0,0,0,0,0,0,0,0,0,0,0,0,0,0,0,0,0,0,0,0,0,0,0,NA,NA,0,0,0,0,0,2.2014487983131,0,0,0,0,0
"x350",2,"Sediment Basin",0.257127278431731,0.76375585249965,0.289764109775696,0.645090885180975,0.263324538037076,0.280515688849053,0,0,0,1.38493576722439,0,0,0,0,0,0,0,0,0,0,0,0,NA,0,0,0.570294295946342,1.64942531066258,1.61876633019444,0,0,0,0,1.34779840568264,1.32794276581298,0,0,0,0,0,0,0,0,0,0,0,0,0,0,0,0,0,0,0,0,0,0,0,0,0,0,0,0,0,0,0,0,0,0,0,0,0,0,0,0,NA,NA,0,0,0,0,0,0,0,0,0,0,0
"x351",2,"Well Decommissioning",0.389586785502623,0.460093887047982,0.439036529963176,0.388608966976491,0.398976572783449,0.425023770983414,0,0,0,0,0,0,0,0,0,0,0,0,0,0,0,0,NA,0,6.12524486662575,0,0,0,0,0,0,0,0,0,0,0,0,0,0,0,0,0,0,0,0,0,0,0,0,0,0,0,0,0,0,0,0,0,0,0,0,0,0,0,0,0,0,0,0,0,0,0,0,0,NA,NA,0,0,0,0,0,0,0,0,0,0,0
"x353",2,"Monitoring Well",0,0,0,0,0,0,0,0,0,0,0,0,0,0,0,0,0,0,0,0,0,0,NA,0,0,0,0,0,0,0,0,0,0,0,0,0,0,0,0,0,0,0,0,0,0,0,0,0,0,0,0,0,0,0,0,0,0,0,0,0,0,0,0,0,0,0,0,0,0,0,0,0,0,0,NA,NA,0,0,0,0,0,0,0,0,0,0,0
"x355",2,"Groundwater Testing",0,0,0,0,0,0,0,0,0,0,0,0,0,0,0,0,0,0,0,0,0,0,NA,0,0,0,0,0,0,0,0,0,0,0,0,0,0,0,0,0,0,0,0,0,0,0,0,0,0,0,0,0,0,0,0,0,0,0,0,0,0,0,0,0,0,0,0,0,0,0,0,0,0,0,NA,NA,0,0,0,0,0,0,0,0,0,0,0
"x356",2,"Dike",0.693464478194669,1.0950234511742,1.04490694131236,0.924889341404049,1.26874550145137,1.01155657494053,0,0,0,3.73932657150585,0,0,0,0,0,0,0,1.65883237753922,0.608085726720654,0.783427832581734,0,1.4399173276942,NA,0,0,0,0.824712655331292,0.809383165097222,0,0,0,0,1.49755378409182,2.65588553162597,0,0,0,0,0,0,0,0,0,0,0,0,0,0,0,0,0,0,0,0,0,0,0,0,0,0,0,0,0,0,0,0,0,0,0,0,0,0,0,0,NA,NA,0,0,0,0,0,0,0,0,0,0,0
"x359",3,"Waste Treatment Lagoon",0.389586785502623,0.460093887047982,0,0.388608966976491,0,0,0,0,0,0,0,0,0,0,0,0,0,0,0,0,0,0,NA,0,0,0,0,0,0,0,0,0,0,0,0,0,0,0,4.54646342450147,0,4.54646342450147,0,0,0,0,0,0,0,0,0,0,0,0,0,0,0,0,0,0,0,0,0,0,0,0,0,0,0,0,0,0,0,0,0,NA,NA,0,0,0,0,0,0,0,0,0,0,0
"x360",2,"Waste Facility Closure",0,0,0,0,0,0,0,0,0,0,0,0,0,0,0,0,0,0,0,0,0,0,NA,0,0,0,0,0,0,0,0,0,0,0,0,0,0,0,0,0,0,0,0,0,0,0,0,0,0,0,0,0,0,0,0,0,0,0,0,0,0,0,0,0,0,0,0,0,0,0,0,0,0,0,NA,NA,0,0,0,0,0,0,0,0,0,0,0
"x362",4,"Diversion",1.9011835132528,2.01521122527016,1.48394347127553,1.70210727535703,1.99488286391725,1.26657083753057,2.43502091210123,0,5.26792533587923,4.15480730167316,0,0,0,1.42699520787386,0,0,0,1.65883237753922,0.608085726720654,0.783427832581734,0,1.91988977025893,NA,2.19411670574903,1.22504897332515,0,0.824712655331292,0.809383165097222,0,0,0,0,1.49755378409182,1.32794276581298,0,2.16215586484763,5.34979770659981,0,0,5.34979770659981,0,0,0,0,0,0,0,0,0,0,0,0,0,0,0,0,0,0,0,0,0,0,0,0,0,0,0,0,0,0,0,0,0,0,NA,NA,0,0,0,0,0,0,0,0,0,0,0
"x366",7,"Anaerobic Digester",0.467504142603148,2.30046943523991,0.0878073059926351,0.466330760371789,0.0797953145566898,0.0850047541966828,0,0,0,0,0,0,0,0,0,0,0,0,0,0,0,0,NA,0,0,0,0,0,0,0,0,0,0,0,0,0,0,0,4.54646342450147,0,4.54646342450147,0,0,0,0,0,0,0,0,0,0,0,0,0,0,0,0,0,7.86633040741042,0,0,0,0,0,0,8.29044893984404,0,0,4.81359862341233,0,0,0,0,0,NA,NA,0,0,0,0,0,0,0,0,0,7.01259371332999,0
"x367",3,"Roofs and Covers",0.194793392751311,1.93239432560152,0.219518264981588,0.194304483488246,0.199488286391725,0.212511885491707,0,0,0,0,0,0,0,0,0,0,0,0.829416188769611,0,0,0,1.4399173276942,NA,0,0,0,0,0,0,0,0,0,0,0,0,0,0,0,0,0,0,0,0,0,0,0,0,0,0,0,0,0,0,0,0,0,0,0,5.61880743386459,0,0,0,0,0,0,5.92174924274574,0,0,3.36951903638863,0,0,0,4.85961101416971,0,NA,NA,0,0,0,0,0,0,0,0,0,0,0
"x368",2,"Emergency Animal Mortality Management",0,0,0,0,0,0,0,0,0,0,0,0,0,0,0,0,0,0,0,0,0,0,NA,0,0,0,0,0,0,0,0,0,0,0,0,0,0,0,0,0,0,0,0,0,0,0,0,0,0,0,0,0,0,0,0,0,0,0,0,0,0,0,0,0,0,0,0,0,0,0,0,0,0,0,NA,NA,0,0,0,0,0,0,0,0,0,0,0
"x371",7,"Air Filtration and Scrubbing",0,3.22065720933587,0,0,0,0,0,0,0,0,0,0,0,0,0,0,0,0,0,0,0,0,NA,0,0,0,0,0,0,0,0,0,0,0,0,0,0,0,0,0,0,0,0,0,0,0,0,0,0,0,0,0,0,0,0,0,0,6.31254695247785,5.61880743386459,0,0,0,0,0,0,8.29044893984404,0,0,8.66447752214219,0,0,0,6.80345541983759,0,NA,NA,0,0,0,0,0,0,0,0,0,0,0
"x372",1,"Combustion System Improvement",1.27005292073855,1.49990607177642,1.43125908767995,1.26686523234336,1.30066362727404,1.38557749340593,0,0,0,0,0,0,0,0,0,0,0,0,0,0,0,0,NA,0,0,0,0,0,0,0,0,0,0,0,0,0,0,0,0,0,0,0,0,0,0,0,0,0,0,10.2225241501304,10.2146455176304,0,0,0,0,0,0,0,0,0,0,0,0,10.2225241501304,10.2225241501304,0,0,0,0,0,0,0,0,0,NA,NA,0,0,0,0,0,0,0,0,0,7.01259371332999,0
"x373",7,"Dust Control on Unpaved Roads and Surfaces",1.09084299940734,2.39248821264951,1.22930228389689,1.47671407451067,1.51611097657711,1.61509032973697,0,5.45929680166113,0,0,0,0,0,0,0,0,0,0,0,0,0,0,NA,0,0,0,0,0,0,0,0,0,0,0,0,0,0,0,0,0,0,0,0,0,0,0,0,0,0,0,0,0,0,0,0,11.9679057997115,9.51959817110977,6.31254695247785,0,0,0,0,0,0,0,0,0,0,0,0,0,0,0,0,NA,NA,0,0,0,0,0,0,0,0,0,0,0
"x374",3,"Farmstead Energy Improvement",0.0779173571005246,0.0920187774095964,0.0878073059926351,0.0777217933952982,0.0797953145566898,0.0850047541966828,0,0,0,0,0,0,0,0,0,0,0,0,0,0,0,0,NA,0,0,0,0,0,0,0,0,0,0,0,0,0,0,0,0,0,0,0,0,0,0,0,0,0,0,0,0,0,0,0,0,0,0,0,0,0,0,0,0,0,0,0,0,0,0,0,0,0,0,0,NA,NA,0,0,0,0,0,0,0,0,0,7.01259371332999,0
"x375",3,"Dust Control from Animal Activity on Open Lot Surfaces",0,1.74835677078233,0,0.388608966976491,0,0,0,2.72964840083057,0,0,0,0,0,0,0,0,0,0,0,0,0,0,NA,0,0,0,0,0,0,0,0,0,0,0,0,0,0,0,0,0,0,0,0,0,0,0,0,0,0,0,0,0,0,0,0,0,1.58659969518496,6.31254695247785,0,0,0,0,0,0,0,0,0,0,0,0,0,0,0,0,NA,NA,0,0,0,0,0,0,0,0,0,0,0
"x376",4,"Field Operations Emissions Reduction",1.71418185621154,0,0,0,0.558567201896829,0,0,0,0,0,0,0,0,0,0,0,0,0,0,0,0,0,NA,0,0,0,0,0,0,0,0,0,0,0,0,0,0,0,0,0,0,0,0,0,0,0,0,0,0,0,0,2.13154363334874,0,0,9.35574232917488,0,0,0,0,0,0,0,0,0,0,0,2.20464625649537,0,0,0,2.20464625649537,0,0,0,NA,NA,0,0,0,0,0,0,0,0,0,0,0
"x378",4,"Pond",1.40251242780944,1.65633799337274,1.58053150786743,1.39899228111537,1.83529223480387,1.78509983813034,0,0,0,4.15480730167316,0,0,0,0,0,0,0,1.65883237753922,0.608085726720654,0,0.569275462893905,1.91988977025893,NA,0.731372235249677,0.612524486662575,2.28117718378537,0,0,0,0,0,0,4.49266135227546,0,0,0,0,0,0,0,0,0,0,0,0,0,0,0,0,0,0,0,0,0,0,0,0,0,0,0,0,0,0,0,0,0,0,0,0,0,0,0,0,0,NA,NA,0,0,0,0,0,8.80579519325241,0,0,0,0,0
"x379",2,"Multi-Story Cropping",0.545421499703672,0,0.878073059926351,0,0,0,0.749237203723456,0.272964840083057,0,0.415480730167316,0,0,0,1.03781469663553,0,0,0,0,0,0,0,0,NA,0,0,0,0,0,0,0,0,0,0.449266135227546,0,0,0,0,0,0,0,0,0,0,0,0,0,0,0,0,0,0,0,0,0,0,0,0,0,0,0,1.13061375445981,0,0,0,0,0,0,0,0,0,0,0,0,0,NA,NA,0.363012476380036,0.799159222048319,0,0,0,0,0,0,0,0,0
"x380",7,"Windbreak/Shelterbelt Establishment",2.57906452002736,3.34028161996835,2.75714940816874,3.4663919854303,2.74495882075013,2.40563454376612,0.187309300930864,4.77688470145349,0,0,0,0,2.82984833997282,2.59453674158883,0,1.54550038129126,1.58267776690572,0,0,0,5.69275462893905,2.87983465538839,NA,0.731372235249677,0.612524486662575,1.42573573986586,0.824712655331292,0.809383165097222,0,0,0,0,0.898532270455092,1.32794276581298,4.17061364854881,0,0,0,0,0,0,0,0,0,0,0,0,0,0,0,0,0,0,0,4.00960385536066,5.12910248559066,4.07982778761847,2.70537726534765,0,0,6.59524690101554,0,0,0,0,0,0,0,4.81359862341233,0,0,0,4.85961101416971,0,NA,NA,1.45204990552014,0.399579611024159,0,0,6.61393876948612,0,0,0,0,0,2.34520787991171
"x381",3,"Silvopasture Establishment",0.545421499703672,0.368075109638386,1.40491689588216,0.544052553767088,2.48961381416872,1.46208177218294,0.749237203723456,1.50130662045681,0,0.900208248695852,0,0,3.77313111996376,1.81617571911218,0,2.31825057193689,2.37401665035858,0.414708094384806,0.608085726720654,0,0,0.959944885129465,NA,1.46274447049935,1.22504897332515,0,0,0,0,0,0,0,1.04828764886427,1.32794276581298,0,2.16215586484763,0,0,0,0,0,0,0,0,0,0,0,0,0,0,0,0,0,0,0,0,0,0,0,0,2.26122750891961,0,0,0,0,0,0,0,0,0,0,0,0,0,NA,NA,0,0,0,0,0,0,0,0,0,0,0
"x382",4,"Fence",1.03630084943698,0.864976507650206,0.842950137529297,0.924889341404049,1.157032061072,1.09656132913721,0.374618601861728,0,0,0.138493576722439,2.94073481960084,0,0.628855186660627,2.85399041574771,0,0.386375095322815,0.39566944172643,0,0,0,5.80660972151783,0,NA,0,0,0,0,0,0,0,0,0,0.224633067613773,0.0442647588604327,0,0,0,5.90197706987526,0,0,0,0,0,0,0,0,0,0,0,0,0,0,0,0,0,0,0,0,0,0,0,0,0,0,0,0,0,0,0,0,0,0,0,0,NA,NA,7.62326200398076,0,0,0,0,0,0.472438211976203,0.623278297738038,0,0,0
"x383",2,"Fuel Break",0.116876035650787,0.138028166114395,0.219518264981588,0.116582690092947,0.119692971835035,0.552530902278438,0,0,0,0,0,0,0,0,0,0,0,0,0,0,0,0.479972442564732,NA,0.731372235249677,0.612524486662575,0,0,0,0,0,0,0,0,0,0,0,0,0,0,0,0,0,0,0,0,0,0,0,0,0,0,0,0,0,0,0,0,0,0,0,0,0,0,0,0,0,0,0,0,0,0,0,0,0,NA,NA,0,0,4.41643076035954,0,0,0,0,0,0,0,0
"x384",2,"Woody Residue Treatment",0.116876035650787,0.138028166114395,2.3093321476063,0.116582690092947,0.119692971835035,0.136007606714692,0,0,0,0.276987153444877,0,0,0,0.129726837079442,0,0,0,0,0,0,0,0.479972442564732,NA,0.731372235249677,0.612524486662575,0,0,0,0,0,0,0,0.299510756818364,0,0,0,0,0,0,0,0,0,0,0,0,0,0,0,0,0,0,2.13154363334874,0,0,0,0,0,0,0,0,0.565306877229903,0,0,0,0,0,2.20464625649537,0,0,0,2.20464625649537,0,0,0,NA,NA,1.45204990552014,0,1.47214358678651,0,0,0,0,0,0,0,0
"x386",2,"Field Border",0.56879670683383,0.450892009307022,0.47415945236023,1.14251036291088,0.39099704132778,0.416523295563746,0.187309300930864,0.136482420041528,0,0,0,0,0,1.29726837079442,0,1.54550038129126,1.58267776690572,0,0,0,0,0,NA,0.0243790745083226,0.0204174828887525,0,0.412356327665646,0.404691582548611,0,0,0,0,0.449266135227546,2.12470842530077,4.17061364854881,0,0,0,0,0,0,0,0,0,0,0,0,0,0,0,0,0,0,0,0,0,0,0,0,0,0.376871251486602,0,0,0,0,0,0,0,0,0,0,0,0,0,NA,NA,0,0,0,0,0,0,2.44093076187705,0.623278297738038,0,0,0
"x388",2,"Irrigation Field Ditch",0.327252899822203,0.386478865120305,0.368790685169068,0.326431532260253,0.335140321138097,0.357019967626068,0,0,0,0,0,0,0,0,0,0,0,0,0.121617145344131,0.156685566516347,0,0,NA,1.46274447049935,1.22504897332515,2.28117718378537,0,0,0,0,0,0,0,0,0,0,0,0,0,0,0,0,0,0,0,0,0,0,0,0,0,0,0,0,0,0,0,0,0,0,0,0,0,0,0,0,0,0,0,0,0,0,0,0,NA,NA,0,0,0,0,0,0,0,0,0,0,0
"x390",4,"Riparian Herbaceous Cover",1.4103041635195,1.55511733822218,1.76492685045197,2.23061547044506,1.51611097657711,1.45358129676328,2.99694881489383,0,0,0,2.53511622379383,0,0,2.98371725282715,0,1.54550038129126,1.58267776690572,0.414708094384806,0,0,0,0.959944885129465,NA,1.46274447049935,1.22504897332515,0,4.12356327665646,4.04691582548611,0,0,0,0,1.79706454091018,2.65588553162597,4.17061364854881,1.80179655403969,0,0,0,0,0,0,0,0,0,0,0,0,0,0,0,0,0,0,0,0,0,0,0,0,2.82653438614952,0,0,0,0,0,0,0,0,0,0,0,0,0,NA,NA,0.363012476380036,0,0,0,0,0,0.944876423952405,1.24655659547608,2.46129458100666,0,0
"x391",7,"Riparian Forest Buffer",1.72976532763165,2.02441310301112,2.85373744476064,3.09332737713287,1.84327176625953,1.67459365767465,1.12385580558518,0,0,0.346233941806097,2.53511622379383,0,2.51542074664251,2.98371725282715,0,1.54550038129126,1.58267776690572,0,0,0,0,0.959944885129465,NA,1.46274447049935,1.22504897332515,0,6.18534491498469,6.07037373822916,0,0,0,0,1.79706454091018,3.98382829743895,5.21326706068602,2.16215586484763,0,0,0,0,0,0,0,0,0,0,0,0,0,0,0,0,0,0,0,0,0,0,0,0,1.88435625743301,0,0,0,0,0,0,0,0,0,0,0,0,0,NA,NA,0,0,0,0,0,0,0.944876423952405,4.98622638190431,9.84517832402664,0,0
"x393",3,"Filter Strip",0.553213235413725,0.634929564126215,0.605870411349182,1.22023215630618,0.55058767044116,0.374020918465404,0,0,0,0,2.53511622379383,0,0,1.29726837079442,0,1.54550038129126,1.58267776690572,0,0,0,0,0,NA,0,0,0,1.64942531066258,3.23753266038889,0,0,0,0,1.34779840568264,3.45265119111375,4.17061364854881,0,0,0,0,0,0,0,0,0,0,0,0,0,0,0,0,0,0,0,0,0,0,0,0,0,0,0,0,0,0,0,0,0,0,0,0,0,0,0,NA,NA,0,0,0,0,0,0,0,0,0,0,0
"x394",2,"Firebreak",0.116876035650787,0.138028166114395,0.342448493371277,0.116582690092947,0.119692971835035,0.578032328537443,0,0,0,0,0,0,0,0,0,0,0,0,0,0,0,0.479972442564732,NA,0.731372235249677,0.612524486662575,0,0,0,0,0,0,0,0,0,0,0,0,0,0,0,0,0,0,0,0,0,0,0,0,0,0,0,0,0,0,0,0,0,0,0,0,0,0,0,0,0,0,0,0,0,0,0,0,0,NA,NA,1.27054366733013,0,5.15250255375279,0,0,0,0,0,0,0,0
"x395",4,"Stream Habitat Improvement and Management",1.01292564230682,1.19624410632475,1.14149497790426,1.01038331413888,1.23682737562869,1.31757369004858,0,0,0,0,1.01404648951753,0,0,0,0,0,0,0,0,0,0,0,NA,0.731372235249677,0.612524486662575,0,0,0,0,0,0,0,0,0,0,0,0,0,0,0,0,0,0,0,0,0,0,0,0,0,0,0,0,0,0,0,0,0,0,0,0,0,0,0,0,0,0,0,0,0,0,0,0,0,NA,NA,0,0,0,0,0,0,3.77950569580962,4.98622638190431,9.84517832402664,0,0
"x396",2,"Aquatic Organism Passage",0.311669428402098,0.368075109638386,0.351229223970541,0.310887173581193,0.319181258226759,0.340019016786731,0,0,0,0,0,0,0,0,0,0,0,0,0,0,0,0,NA,0,0,0,0,0,0,0,0,0,0,0,0,0,0,0,0,0,0,0,0,0,0,0,0,0,0,0,0,0,0,0,0,0,0,0,0,0,0,0,0,0,0,0,0,0,0,0,0,0,0,0,NA,NA,0,0,0,0,0,0,0,4.98622638190431,0,0,0
"x397",2,"Aquaculture Ponds",0,0,0,0,0,0,0,0,0,0,0,0,0,0,0,0,0,0,0,0,0,0,NA,0,0,0,0,0,0,0,0,0,0,0,0,0,0,0,0,0,0,0,0,0,0,0,0,0,0,0,0,0,0,0,0,0,0,0,0,0,0,0,0,0,0,0,0,0,0,0,0,0,0,0,NA,NA,0,0,0,0,0,0,0,0,0,0,0
"x398",2,"Fish Raceway or Tank",0,0,0,0,0,0,0,0,0,0,0,0,0,0,0,0,0,0,0,0,0,0,NA,0,0,0,0,0,0,0,0,0,0,0,0,0,0,0,0,0,0,0,0,0,0,0,0,0,0,0,0,0,0,0,0,0,0,0,0,0,0,0,0,0,0,0,0,0,0,0,0,0,0,0,NA,NA,0,0,0,0,0,0,0,0,0,0,0
"x399",2,"Fishpond Management",0,0,0,0,0,0,0,0,0,0,0,0,0,0,0,0,0,0,0,0,0,0,NA,0,0,0,0,0,0,0,0,0,0,0,0,0,0,0,0,0,0,0,0,0,0,0,0,0,0,0,0,0,0,0,0,0,0,0,0,0,0,0,0,0,0,0,0,0,0,0,0,0,0,0,NA,NA,0,0,0,0,0,0,0,0,0,0,0
"x400",2,"Bivalve Aquaculture Gear and Biofouling Control",0,0,0,0,0,0,0,0,0,0,0,0,0,0,0,0,0,0,0,0,0,0,NA,0,0,0,0,0,0,0,0,0,0,0,0,0,0,0,0,0,0,0,0,0,0,0,0,0,0,0,0,0,0,0,0,0,0,0,0,0,0,0,0,0,0,0,0,0,0,0,0,0,0,0,NA,NA,0,0,0,0,0,0,0,0,0,0,0
"x402",3,"Dam",0.857090928105771,1.01220655150556,1.84395342584534,1.63215766130126,1.79539457752552,1.91260696942536,0,0,0,2.76987153444877,6.08427893710519,0,0,0,0,0,0,1.65883237753922,0,0,0,0.959944885129465,NA,2.19411670574903,1.83757345998773,0,0,0,0,0,0,0,2.99510756818364,0,0,0,0,0,0,0,0,0,0,0,0,0,0,0,0,0,0,0,0,0,0,0,0,0,0,0,0,0,0,0,0,0,0,0,0,0,0,0,0,0,NA,NA,0,0,0,0,0,3.30217319746965,0,0,0,0,0
"x410",3,"Grade Stabilization Structure",1.47263804919991,0.588920175421417,0.561966758352865,0.497419477729909,0.510690013162815,0.54403042685877,0.374618601861728,0,6.58490666984904,4.15480730167316,0.507023244758766,0,0,0,0,0,0,0,0,0,0,0,NA,0,0,0,0.824712655331292,0.809383165097222,0,0,0,0,1.49755378409182,0,0,0,0,0,0,0,0,0,0,0,0,0,0,0,0,0,0,0,0,0,0,0,0,0,0,0,0,0,0,0,0,0,0,0,0,0,0,0,0,0,NA,NA,0,0,0,0,0,0,0,0,0,0,0
"x412",3,"Grassed Waterway",1.68301491337133,1.64713611563178,1.13271424730499,2.07517188365446,1.0293595577813,1.09656132913721,0.374618601861728,0,6.58490666984904,1.66192292066926,0,0,0,1.29726837079442,0,1.54550038129126,1.58267776690572,2.48824856630883,3.04042863360327,3.91713916290867,0,2.39986221282366,NA,0,0,0,1.23706898299694,1.21407474764583,0,0,0,0,1.42267609488723,0.79676565948779,0,0,0,0,0,0,0,0,0,0,0,0,0,0,0,0,0,0,0,0,0,0,0,0,0,0,0,0,0,0,0,0,0,0,0,0,0,0,0,0,NA,NA,0,0,0,0,0,0,0,0,0,0,0
"x420",2,"Wildlife Habitat Planting",0.41296199263278,0.414084498343184,0.395132876966858,1.041472031497,0.893707523034926,0.391021869304741,0,0,0,0,0,0,0,2.85399041574771,0,2.7046256672597,2.76968609208501,0,0,0,0,0,NA,0,0,0,0,0,0,0,0,0,0,0,0.521326706068602,0,0,0,0,0,0,0,0,0,0,0,0,0,0,0,0,0,0,0,0,0,0,0,0,0,0,0,0,0,0,0,0,0,0,0,0,0,0,0,NA,NA,0,0,0,0,0,0,3.77950569580962,0.623278297738038,0,0,0
"x422",3,"Hedgerow Planting",1.4103041635195,1.38948353888491,1.1063720555072,1.93527265554293,1.28470456436271,1.0710599028782,0.187309300930864,0.409447260124585,0,0,0,0,0,1.03781469663553,0,1.54550038129126,1.58267776690572,0,0,0,3.41565277736343,2.87983465538839,NA,0,0,0,0.412356327665646,0.404691582548611,0,0,0,0,0.449266135227546,1.32794276581298,4.17061364854881,0,0,0,0,0,0,0,0,0,0,0,0,0,0,0,0,0,0,0,0,0,2.26657099312137,0,0,0,0.565306877229903,0,0,0,0,0,0,0,0,0,0,0,0,0,NA,NA,0,0,0,0,0,0,3.77950569580962,0.623278297738038,1.23064729050333,0,0
"x423",2,"Hillside Ditch",0.50646282115341,0.598122053162377,0.570747488952128,0.660635243860035,0.678260173731863,0.212511885491707,1.49847440744691,0,0,1.38493576722439,0,0,0,0,0,0,0,1.65883237753922,0,0,0,0.479972442564732,NA,0,0,0,0,0,0,0,0,0,1.49755378409182,0,0,0,0,0,0,0,0,0,0,0,0,0,0,0,0,0,0,0,0,0,0,0,0,0,0,0,0,0,0,0,0,0,0,0,0,0,0,0,0,0,NA,NA,0,0,0,0,0,0,0,0,0,0,0
"x428",2,"Irrigation Ditch Lining",0.366211578372466,0.432488253825103,0.412694338165385,0.365292428957902,0.375037978416442,0.399522344724409,0,0,0,0,0,0,0,0,0,0,0,0,0.121617145344131,0.156685566516347,0,0,NA,1.46274447049935,1.22504897332515,2.28117718378537,0,0,0,0,0,0,0,0,0,0,0,0,0,0,0,0,0,0,0,0,0,0,0,0,0,0,0,0,0,0,0,0,0,0,0,0,0,0,0,0,0,0,0,0,0,0,0,0,NA,NA,0,0,0,0,0,0,0,0,0,0,2.34520787991171
"x428A",2,"Irrigation Water Conveyance, Ditch and Canal Lining, Plain Concrete",0.311669428402098,0.368075109638386,0.351229223970541,0.310887173581193,0.319181258226759,0.340019016786731,0,0,0,0,0,0,0,0,0,0,0,0,0,0,0,0,NA,1.46274447049935,1.22504897332515,2.28117718378537,0,0,0,0,0,0,0,0,0,0,0,0,0,0,0,0,0,0,0,0,0,0,0,0,0,0,0,0,0,0,0,0,0,0,0,0,0,0,0,0,0,0,0,0,0,0,0,0,NA,NA,0,0,0,0,0,0,0,0,0,0,0
"x428B",2,"Irrigation Water Conveyance, Ditch and Canal Lining, Flexible Membrane",0.311669428402098,0.368075109638386,0.351229223970541,0.310887173581193,0.319181258226759,0.340019016786731,0,0,0,0,0,0,0,0,0,0,0,0,0,0,0,0,NA,1.46274447049935,1.22504897332515,2.28117718378537,0,0,0,0,0,0,0,0,0,0,0,0,0,0,0,0,0,0,0,0,0,0,0,0,0,0,0,0,0,0,0,0,0,0,0,0,0,0,0,0,0,0,0,0,0,0,0,0,NA,NA,0,0,0,0,0,0,0,0,0,0,0
"x428C",2,"Irrigation Water Conveyance, Ditch and Canal Lining, Galvanized Steel",0.311669428402098,0.368075109638386,0.351229223970541,0.310887173581193,0.319181258226759,0.340019016786731,0,0,0,0,0,0,0,0,0,0,0,0,0,0,0,0,NA,1.46274447049935,1.22504897332515,2.28117718378537,0,0,0,0,0,0,0,0,0,0,0,0,0,0,0,0,0,0,0,0,0,0,0,0,0,0,0,0,0,0,0,0,0,0,0,0,0,0,0,0,0,0,0,0,0,0,0,0,NA,NA,0,0,0,0,0,0,0,0,0,0,0
"x430",2,"Irrigation Pipeline",0.973966963756558,0.598122053162377,0.570747488952128,0.505191657069439,0.518669544618484,0.552530902278438,0,0,0,0.415480730167316,0,0,0,0,0,0,0,0,0,0,0,0,NA,2.19411670574903,1.83757345998773,3.42176577567805,0,0,0,0,0,0,0.449266135227546,0,0,0,0,0,0,0,0,0,0,0,0,0,0,0,0,0,0,0,0,0,0,0,0,0,0,0,0,0,0,0,0,0,0,0,0,0,0,0,0,0,NA,NA,0,0,0,0,0,0,0,0,0,0,2.34520787991171
"x430AA",2,"Irrigation Water Conveyance, Pipeline, Aluminum Tubing",0.4752958783132,0.552112664457578,0.526843835955811,0.466330760371789,0.478771887340139,0.510028525180097,0,0,0,0,0,0,0,0,0,0,0,0,0,0,0,0,NA,2.19411670574903,1.83757345998773,3.42176577567805,0,0,0,0,0,0,0,0,0,0,0,0,0,0,0,0,0,0,0,0,0,0,0,0,0.567480306535024,0,0,0,0,0,0,0,0,0,0,0,0,0,0,0,0,0,0,0,0,0,0,0,NA,NA,0,0,0,0,0,0,0,0,0,0,0
"x430BB",2,"Irrigation Water Conveyance, Pipeline, Asbestos-Cement",0.467504142603148,0.552112664457578,0.526843835955811,0.466330760371789,0.478771887340139,0.510028525180097,0,0,0,0,0,0,0,0,0,0,0,0,0,0,0,0,NA,2.19411670574903,1.83757345998773,3.42176577567805,0,0,0,0,0,0,0,0,0,0,0,0,0,0,0,0,0,0,0,0,0,0,0,0,0,0,0,0,0,0,0,0,0,0,0,0,0,0,0,0,0,0,0,0,0,0,0,0,NA,NA,0,0,0,0,0,0,0,0,0,0,0
"x430CC",2,"Irrigation Water Conveyance, Pipeline, Nonreinforced Concrete",0.467504142603148,0.552112664457578,0.526843835955811,0.466330760371789,0.478771887340139,0.510028525180097,0,0,0,0,0,0,0,0,0,0,0,0,0,0,0,0,NA,2.19411670574903,1.83757345998773,3.42176577567805,0,0,0,0,0,0,0,0,0,0,0,0,0,0,0,0,0,0,0,0,0,0,0,0,0,0,0,0,0,0,0,0,0,0,0,0,0,0,0,0,0,0,0,0,0,0,0,0,NA,NA,0,0,0,0,0,0,0,0,0,0,0
"x430DD",2,"Irrigation Water Conveyance, Pipeline, High-Pressure, Underground, Plastic",0.467504142603148,0.552112664457578,0.526843835955811,0.466330760371789,0.478771887340139,0.510028525180097,0,0,0,0,0,0,0,0,0,0,0,0,0,0,0,0,NA,2.19411670574903,1.83757345998773,3.42176577567805,0,0,0,0,0,0,0,0,0,0,0,0,0,0,0,0,0,0,0,0,0,0,0,0,0,0,0,0,0,0,0,0,0,0,0,0,0,0,0,0,0,0,0,0,0,0,0,0,NA,NA,0,0,0,0,0,0,0,0,0,0,0
"x430EE",2,"Irrigation Water Conveyance, Pipeline, Low-Pressure, Underground, Plastic",0.467504142603148,0.552112664457578,0.526843835955811,0.466330760371789,0.478771887340139,0.510028525180097,0,0,0,0,0,0,0,0,0,0,0,0,0,0,0,0,NA,2.19411670574903,1.83757345998773,3.42176577567805,0,0,0,0,0,0,0,0,0,0,0,0,0,0,0,0,0,0,0,0,0,0,0,0,0,0,0,0,0,0,0,0,0,0,0,0,0,0,0,0,0,0,0,0,0,0,0,0,NA,NA,0,0,0,0,0,0,0,0,0,0,0
"x430FF",2,"Irrigation Water Conveyance, Pipeline, Steel",0.467504142603148,0.552112664457578,0.526843835955811,0.466330760371789,0.478771887340139,0.510028525180097,0,0,0,0,0,0,0,0,0,0,0,0,0,0,0,0,NA,2.19411670574903,1.83757345998773,3.42176577567805,0,0,0,0,0,0,0,0,0,0,0,0,0,0,0,0,0,0,0,0,0,0,0,0,0,0,0,0,0,0,0,0,0,0,0,0,0,0,0,0,0,0,0,0,0,0,0,0,NA,NA,0,0,0,0,0,0,0,0,0,0,0
"x430GG",2,"Irrigation Water Conveyance, Pipeline, Reinforced Plastic Mortar",0.467504142603148,0.552112664457578,0.526843835955811,0.466330760371789,0.478771887340139,0.510028525180097,0,0,0,0,0,0,0,0,0,0,0,0,0,0,0,0,NA,2.19411670574903,1.83757345998773,3.42176577567805,0,0,0,0,0,0,0,0,0,0,0,0,0,0,0,0,0,0,0,0,0,0,0,0,0,0,0,0,0,0,0,0,0,0,0,0,0,0,0,0,0,0,0,0,0,0,0,0,NA,NA,0,0,0,0,0,0,0,0,0,0,0
"x432",2,"Dry Hydrant",0,0,0.219518264981588,0,0,0.255014262590048,0,0,0,0,0,0,0,0,0,0,0,0,0,0,0,0,NA,0,0,0,0,0,0,0,0,0,0,0,0,0,0,0,0,0,0,0,0,0,0,0,0,0,0,0,0,0,0,0,0,0,0,0,0,0,0,0,0,0,0,0,0,0,0,0,0,0,0,0,NA,NA,0,0,4.04839486366291,0,0,0,0,0,0,0,0
"x436",2,"Irrigation Reservoir",0.350628106952361,0.414084498343184,0.395132876966858,0.349748070278842,0.438874230061794,0.382521393885073,0,0,0,0,0,0,0,0,0,0,0,0,0,0,0,0,NA,1.46274447049935,1.22504897332515,2.28117718378537,0,0,0,0,0,0,0,0,0,0,0,0,0,0,0,0,0,0,0,0,0,0,0,0,0,0,0,0,0,0,0,0,0,0,0,0,0,0,0,0,0,0,0,0,0,0,0,0,NA,NA,0,0,0,0,0,1.10072439915655,0,0,0,0,2.34520787991171
"x441",3,"Irrigation System, Microirrigation",1.36355374925918,1.24225349502955,0.307325570974223,1.04924421083653,1.07723674651531,0.29751663968839,1.49847440744691,0,0,0,0,0,0,0,0,0,0,0,0,0,0,0,NA,2.43790745083226,2.04174828887525,3.80196197297561,0,0,0,0,0,0,0,3.98382829743895,0,4.32431172969527,0,0,0,0,0,0,0,0,0,0,0,0,0,0,0,0,0,0,0,0,0,0,0,0,0,0,0,0,0,0,0,0,0,0,0,0,0,0,NA,NA,0,0,0,0,0,0,0,0,0,0,4.69041575982343
"x442",3,"Sprinkler System",0.896049606656033,1.38028166114395,0.219518264981588,0.777217933952982,0.797953145566898,0.212511885491707,0.187309300930864,0.272964840083057,0,0,0,0,0,0,0,0,0,0,0,0,0,0.959944885129465,NA,1.46274447049935,1.22504897332515,2.28117718378537,0,0,0,0,0,0,0,2.65588553162597,0,4.32431172969527,0,0,0,0,0,0,0,0,0,0,0,0,0,0,0,0,0,0,0,0,0,4.50896210891275,0,0,0,0,0,0,0,0,0,0,0,0,0,0,0,0,NA,NA,0,0,0,0,0,0,0,0,0,0,2.34520787991171
"x443",2,"Irrigation System, Surface and Subsurface",0.584380178253935,0.690140830571973,0.131710958988953,0.582913450464737,0.598464859175174,0.127507131295024,0,0,0,0,0,0,0,0,0,0,0,0,0,0,0,0,NA,1.46274447049935,1.22504897332515,2.28117718378537,0,0,0,0,0,0,0,1.32794276581298,0,2.16215586484763,0,0,0,0,0,0,0,0,0,0,0,0,0,0,0,0,0,0,0,0,0,0,0,0,0,0,0,0,0,0,0,0,0,0,0,0,0,0,NA,NA,0,0,0,0,0,0,0,0,0,0,2.34520787991171
"x447",4,"Irrigation System, Tailwater Recovery",1.02071737801687,0.699342708312933,0.667335525544027,0.590685629804267,0.606444390630843,0.646036131894789,0,0,0,0.415480730167316,0,0,0,0,0,0,0,0,0,0,0,0,NA,1.46274447049935,1.22504897332515,2.28117718378537,1.23706898299694,1.21407474764583,0,0,0,0,0.898532270455092,3.98382829743895,0,0,0,0,0,0,0,0,0,0,0,0,0,8.34665601703261,0,0,0,0,0,0,0,0,0,0,0,0,0,0,0,0,0,0,0,0,0,0,0,0,0,0,NA,NA,0,0,0,0,0,0,0,0,0,0,2.34520787991171
"x449",7,"Irrigation Water Management",1.80768268473217,1.11342720665612,0.667335525544027,0.940433700083109,0.965523306135947,0.688538508993131,0.187309300930864,0,0,0.415480730167316,0,0,0,0.129726837079442,1.26483844384909,0,0,0,0,0,0,0.39997703547061,NA,0.975162980332903,0.8166993155501,1.52078478919025,0.412356327665646,4.04691582548611,5.6704361519945,5.50761446783178,0,0,0.449266135227546,3.98382829743895,0,6.4864675945429,0,0,0,0,0,0,0,0,0,0,0,8.34665601703261,10.2225241501304,0,0,0,0,0,0,0,0,0,0,0,0,0,0,0,0,0,0,0,0,0,0,0,0,0,NA,NA,0,0,0,0,0,0,0,0,0,0,4.69041575982343
"x450",3,"Anionic Polyacrylamide (PAM) Application",0.864882663815823,1.80356803722809,0.842950137529297,1.13473818357135,0.766035019744222,0.816045640288155,2.06040231023951,3.00261324091362,0,0,0,0,0,0,0,0,0,0,0,0,0,2.39986221282366,NA,0,0,1.14058859189268,1.23706898299694,1.21407474764583,0,0,0,0,1.34779840568264,2.65588553162597,0,0,0,0,0,0,0,0,0,0,0,0,0,0,0,0,0,0,0,0,0,0,3.39985648968206,0,0,0,0,0,0,0,0,0,0,0,0,0,0,0,0,0,NA,NA,0,0,0,0,0,0,0,0,0,0,2.34520787991171
"x453",3,"Land Reclamation, Landslide Treatment",0,0,0.439036529963176,0.388608966976491,0,0.425023770983414,0,0,0,0,0,0,0,0,0,0,0,0,0,0,0,0,NA,0,0,0,0,0,0,0,0,0,0,0,0,0,0,0,0,0,0,0,0,5.55302310221833,0,0,5.55302310221833,0,0,0,0,0,0,0,0,0,0,0,0,0,0,0,0,0,0,0,0,0,0,0,0,0,0,0,NA,NA,0,0,0,0,0,0,0,0,0,0,0
"x455",3,"Land Reclamation, Toxic Discharge Control",0,0,0.439036529963176,0.388608966976491,0,0.425023770983414,0,0,0,0,0,0,0,0,0,0,0,0,0,0,0,0,NA,0,0,0,0,0,0,0,0,0,0,0,0,0,0,0,0,0,0,0,0,5.55302310221833,0,0,5.55302310221833,0,0,0,0,0,0,0,0,0,0,0,0,0,0,0,0,0,0,0,0,0,0,0,0,0,0,0,NA,NA,0,0,0,0,0,0,0,0,0,0,0
"x457",3,"Mine Shaft and Adit Closing",0,0,0.439036529963176,0.388608966976491,0,0.425023770983414,0,0,0,0,0,0,0,0,0,0,0,0,0,0,0,0,NA,0,0,0,0,0,0,0,0,0,0,0,0,0,0,0,0,0,0,0,0,5.55302310221833,0,0,5.55302310221833,0,0,0,0,0,0,0,0,0,0,0,0,0,0,0,0,0,0,0,0,0,0,0,0,0,0,0,NA,NA,0,0,0,0,0,0,0,0,0,0,0
"x460",2,"Land Clearing",0,0,0.834169406930034,0,0,0,0,0,0,0,0,0,1.25771037332125,0.648634185397208,1.01187075507927,0.77275019064563,0.79133888345286,0,0,0,0,0,NA,0,0,0,0,0,0,0,0,0,0,0,0,0,0,0,0,0,0,0,0,0,0,0,0,0,0,0,0,0,0,0,0,0,0,0,0,0,0,0,0,0,0,0,0,0,0,0,0,0,0,0,NA,NA,0,0,0.736071793393256,0,0,0,0,0,0,0,0
"x462",2,"Precision Land Forming",0.545421499703672,0.644131441867175,0.17561461198527,0.544052553767088,0.558567201896829,0.59503327937678,0,0,0,0,0,0,0,0,0,0,0,2.07354047192403,0,3.13371133032694,0,1.59990814188244,NA,0,0,0,0,0,0,0,0,0,0,0,0,0,0,0,0,0,0,0,0,0,0,0,0,0,0,0,0,0,0,0,0,0,0,0,0,0,0,0,0,0,0,0,0,0,0,0,0,0,0,0,NA,NA,0,0,0,0,0,0,0,0,0,0,0
"x464",2,"Irrigation Land Leveling",0.514254556863462,0.561314542198538,0,0.474102939711319,0.486751418795808,0.518529000599765,0.187309300930864,0,0,0,0,0,0,0,0,0,0,0,0,0,0,0.0799954070941221,NA,1.82843058812419,1.53131121665644,2.85147147973171,0,0,0,0,0,0,0,0,0,0,0,0,0,0,0,0,0,0,0,0,0,0,0,0,0,0,0,0,0,0,0,0,0,0,0,0,0,0,0,0,0,0,0,0,0,0,0,0,NA,NA,0,0,0,0,0,0,0,0,0,0,0
"x466",2,"Land Smoothing",1.16876035650787,0.736150219276771,0,0.621774347162386,0.957543774680278,0,0.374618601861728,0,0,0.553974306889755,0.405618595807013,0,0,0,0,0,0,1.65883237753922,0.405390484480436,0.522285221721156,0,1.91988977025893,NA,0,0,0.760392394595123,0,0,0,0,0,0,0.599021513636728,0,0,0,0,0,0,0,0,0,0,0,0,0,0,0,0,0,0,0,0,0,0,0,0,0,0,0,0,0,0,0,0,0,0,0,0,0,0,0,0,0,NA,NA,0,0,0,0,0,0,0,0,0,0,0
"x468",2,"Lined Waterway or Outlet",1.09084299940734,1.19624410632475,1.14149497790426,1.01038331413888,1.43631566202042,0.680038033573462,0,0,0,2.1466504391978,0,0,0,0,0,0,0,1.65883237753922,2.43234290688262,3.13371133032694,0,1.91988977025893,NA,0,0,0,0,0,0,0,0,0,2.32120836534232,0,0,0,0,0,0,0,0,0,0,0,0,0,0,0,0,0,0,0,0,0,0,0,0,0,0,0,0,0,0,0,0,0,0,0,0,0,0,0,0,0,NA,NA,0,0,0,0,0,0,0,0,0,0,0
"x472",4,"Access Control",0.935008285206295,1.33427227243915,2.54641187378642,1.50003061252926,1.78741504606985,1.98911124820238,3.37156741675555,0.955376940290698,0,2.21589722755902,1.21685578742104,0,3.77313111996376,1.94590255619162,1.01187075507927,2.31825057193689,2.37401665035858,0,0,3.13371133032694,0,1.91988977025893,NA,0,0,0,0,0,0,0,0,0,2.39608605454691,0,0,0,0,5.90197706987526,0,0,0,0,0,0,0,0,0,0,0,0,0,0,0,0,0,4.27425207132555,0,0,0,0,0,0,0,0,0,0,0,0,0,0,0,0,0,0,NA,NA,3.81163100199038,0,0,0,0,0,0,0,0,0,0
"x482",3,"Mole Drain",0.701256213904721,0.828168996686368,0.790265753933716,0.699496140557684,0.718157831010208,0.765042787770145,0,0,0,0,0,0,0,0,0,0,0,4.14708094384806,2.43234290688262,3.13371133032694,0,0,NA,0,0,0,0,0,0,0,0,0,0,0,0,0,0,0,0,0,0,0,0,0,0,0,0,0,0,0,0,0,0,0,0,0,0,0,0,0,0,0,0,0,0,0,0,0,0,0,0,0,0,0,NA,NA,0,0,0,0,0,0,0,0,0,0,0
"x484",3,"Mulching",1.90897524896285,1.16863847310187,1.64199662206228,1.08033292819465,1.01340049486996,1.16456513249455,2.24771161117037,3.00261324091362,0,0,0,0,0,0.648634185397208,0,0.386375095322815,0.39566944172643,0,0,0,0,2.87983465538839,NA,2.19411670574903,1.83757345998773,1.71088288783903,1.23706898299694,1.21407474764583,0,0,0,0,0.449266135227546,1.32794276581298,1.0426534121372,2.52251517565557,0,0,0,0,0,0,0,0,0,0,0,0,0,0,0,0,0,0,0,0,3.39985648968206,0,0,0,0,0,0,0,0,0,0,0,0,0,0,0,0,0,NA,NA,0,0,0,0,0,0,0,0,0,0,2.34520787991171
"x490",2,"Tree/Shrub Site Preparation",0.428545464052885,0.276056332228789,1.37857470408437,0.326431532260253,0.239385943670069,0.255014262590048,0,0,0,0,0.507023244758766,0,2.51542074664251,1.16754153371497,1.5178061326189,1.15912528596844,1.18700832517929,0.414708094384806,0.608085726720654,0,0.569275462893905,0.479972442564732,NA,0.731372235249677,0.612524486662575,0,0,0,0,0,0,0,0,0,0,0,0,0,0,0,0,0,0,0,0,0,0,0,0,0,0,0,0,0,0,0,0,0,0,0,0,0,0,0,0,0,0,0,0,0,0,0,0,0,NA,NA,0,0,0,0,0,0,0,0,0,0,0
"x500",3,"Obstruction Removal",1.16876035650787,0,1.31710958988953,0,0,0,0,0,0,0,0,0,0,0,0,0,0,0,0,0,0,0,NA,0,0,0,0,0,0,0,0,0,0,0,0,0,0,0,0,0,0,0,0,0,0,0,0,0,0,0,0,4.26308726669749,0,0,0,0,0,0,0,0,0,0,0,0,0,0,4.40929251299075,0,0,0,4.40929251299075,0,0,0,NA,NA,0,0,0,0,0,0,0,0,0,0,0
"x511",2,"Forage Harvest Management",0.50646282115341,0.184037554819193,0.0878073059926351,0.42746986367414,1.38045894183073,0.255014262590048,0.374618601861728,0.272964840083057,0,0,0,0,2.51542074664251,1.29726837079442,0,0.77275019064563,0.79133888345286,0,0,0,0,0.639963256752977,NA,0,0,0,0,0,0,0,0,0,0,1.77059035441731,0,2.88287448646351,0,0,0,0,0,0,0,0,0,0,0,0,0,0,0,0,0,0,0,0,0,0,0,0,0,0,0,0,0,0,0,0,0,0,0,0,0,2.14715954638845,NA,NA,0.544518714570054,1.19873883307248,0,1.26363530876135,0,0,0.944876423952405,0,0,0,0
"x512",4,"Forage and Biomass Planting",2.39206286298611,0.128826288373435,0.720019909139608,1.041472031497,3.15989445644492,0.0850047541966828,2.6223302130321,2.18371872066445,0,0,0,0,3.77313111996376,2.07562939327106,6.07122453047562,2.31825057193689,2.37401665035858,0.414708094384806,0,0,0,0.479972442564732,NA,0,0,0,0,0,0,0,0,0,0.149755378409182,0.885295177208655,0,1.44143724323176,0,0,0,0,0,0,0,0,0,0,0,0,0,0,0,0,0,0,0,0,0,0,0,0,5.27619752081243,0,0,0,0,0,0,0,0,0,0,0,0,0,NA,NA,3.08560604923031,0.799159222048319,0,5.05454123504539,0,0,0,0,0,0,0
"x516",3,"Livestock Pipeline",0.0389586785502623,0.0460093887047982,0.0439036529963176,0.0388608966976491,0.845830334300912,0.824546115707823,0,0,0,0.830961460334632,0,0,0,1.68644888203274,0,0,0,0,0,0,0,0,NA,0,0,0,0,0,0,0,0,0,0.898532270455092,0,0,0,0,0,0,0,0,0,0,0,0,0,0,0,0,0,0,0,0,0,0,0,0,0,0,0,0,0,0,0,0,0,0,0,0,0,0,0,0,0,NA,NA,0,0,0,0,0,6.60434639493931,0,0,0,0,2.34520787991171
"x520",2,"Pond Sealing or Lining, Compacted Soil Treatment",0.311669428402098,0.368075109638386,0.351229223970541,0.310887173581193,0.319181258226759,0.340019016786731,0,0,0,0,0,0,0,0,0,0,0,0.829416188769611,1.21617145344131,1.56685566516347,0,0,NA,0,0,1.14058859189268,0,0,0,0,0,0,0,0,0,0,0,0,0,0,0,0,0,0,0,0,0,0,0,0,0,0,0,0,0,0,0,0,0,0,0,0,0,0,0,0,0,0,0,0,0,0,0,0,NA,NA,0,0,0,0,0,0,0,0,0,0,0
"x521",2,"Pond Sealing or Lining, Geomembrane or Geosynthetic Clay Liner",0.311669428402098,0.368075109638386,0.351229223970541,0.310887173581193,0.319181258226759,0.340019016786731,0,0,0,0,0,0,0,0,0,0,0,0.829416188769611,1.21617145344131,1.56685566516347,0,0,NA,0,0,1.14058859189268,0,0,0,0,0,0,0,0,0,0,0,0,0,0,0,0,0,0,0,0,0,0,0,0,0,0,0,0,0,0,0,0,0,0,0,0,0,0,0,0,0,0,0,0,0,0,0,0,NA,NA,0,0,0,0,0,0,0,0,0,0,0
"x521A",2,"Pond Sealing or Lining, Flexible Membrane",0.311669428402098,0.368075109638386,0.351229223970541,0.310887173581193,0.319181258226759,0.340019016786731,0,0,0,0,0,0,0,0,0,0,0,0.829416188769611,1.21617145344131,1.56685566516347,0,0,NA,0,0,1.14058859189268,0,0,0,0,0,0,0,0,0,0,0,0,0,0,0,0,0,0,0,0,0,0,0,0,0,0,0,0,0,0,0,0,0,0,0,0,0,0,0,0,0,0,0,0,0,0,0,0,NA,NA,0,0,0,0,0,0,0,0,0,0,0
"x521B",2,"Pond Sealing or Lining, Soil Dispersant",0.311669428402098,0.368075109638386,0.351229223970541,0.310887173581193,0.319181258226759,0.340019016786731,0,0,0,0,0,0,0,0,0,0,0,0.829416188769611,1.21617145344131,1.56685566516347,0,0,NA,0,0,1.14058859189268,0,0,0,0,0,0,0,0,0,0,0,0,0,0,0,0,0,0,0,0,0,0,0,0,0,0,0,0,0,0,0,0,0,0,0,0,0,0,0,0,0,0,0,0,0,0,0,0,NA,NA,0,0,0,0,0,0,0,0,0,0,0
"x521C",2,"Pond Sealing or Lining, Bentonite Sealant",0.311669428402098,0.368075109638386,0.351229223970541,0.310887173581193,0.319181258226759,0.340019016786731,0,0,0,0,0,0,0,0,0,0,0,0.829416188769611,1.21617145344131,1.56685566516347,0,0,NA,0,0,1.14058859189268,0,0,0,0,0,0,0,0,0,0,0,0,0,0,0,0,0,0,0,0,0,0,0,0,0,0,0,0,0,0,0,0,0,0,0,0,0,0,0,0,0,0,0,0,0,0,0,0,NA,NA,0,0,0,0,0,0,0,0,0,0,0
"x521D",2,"Pond Sealing or Lining, Compacted Clay Treatment",0.311669428402098,0.368075109638386,0.351229223970541,0.310887173581193,0.319181258226759,0.340019016786731,0,0,0,0,0,0,0,0,0,0,0,0.829416188769611,1.21617145344131,1.56685566516347,0,0,NA,0,0,1.14058859189268,0,0,0,0,0,0,0,0,0,0,0,0,0,0,0,0,0,0,0,0,0,0,0,0,0,0,0,0,0,0,0,0,0,0,0,0,0,0,0,0,0,0,0,0,0,0,0,0,NA,NA,0,0,0,0,0,0,0,0,0,0,0
"x522",2,"Pond Sealing or Lining - Concrete",0.311669428402098,0.368075109638386,0.351229223970541,0.310887173581193,0.319181258226759,0.340019016786731,0,0,0,0,0,0,0,0,0,0,0,0.829416188769611,1.21617145344131,1.56685566516347,0,0,NA,0,0,1.14058859189268,0,0,0,0,0,0,0,0,0,0,0,0,0,0,0,0,0,0,0,0,0,0,0,0,0,0,0,0,0,0,0,0,0,0,0,0,0,0,0,0,0,0,0,0,0,0,0,0,NA,NA,0,0,0,0,0,0,0,0,0,0,0
"x527",3,"Karst Sinkhole Treatment",0.0779173571005246,1.01220655150556,0.965880365918986,0.854939727348281,0.877748460123588,0.935052296163511,0,0,0,3.46233941806097,0,0,0,0,0,0,0,0,0,0,0,0,NA,0,0,0,0,0,0,0,0,0,3.74388446022955,0,0,4.32431172969527,0,0,0,0,0,0,0,0,0,0,0,0,0,0,0,0,0,0,0,0,0,0,0,0,0,0,0,0,0,0,0,0,0,0,0,0,0,0,NA,NA,0,0,0,0,0,0,0,0,0,0,0
"x528",6,"Prescribed Grazing",2.66477361283794,1.72075113755945,3.94254803906932,2.23061547044506,5.22659310346318,5.61031377698106,3.93349531954815,1.50130662045681,0,1.45418255558561,1.01404648951753,0,5.03084149328501,2.85399041574771,1.01187075507927,3.47737585790533,2.37401665035858,0.345590078654005,0,0,0,1.91988977025893,NA,1.46274447049935,0,0,0,0,0,0,7.01259371332999,7.01259371332999,1.57243147329641,0.663971382906491,0,1.08107793242382,0,5.90197706987526,0,0,0,0,0,0,0,0,0,0,0,0,0,0,0,0,0,0,3.39985648968206,0,0,0,2.82653438614952,0,14.456832294801,0,0,0,0,0,0,0,0,0,0,5.7257587903692,NA,NA,3.26711228742032,7.19243299843487,5.88857434714605,8.42423539174232,0,0,0.472438211976203,0.623278297738038,0,0,0
"x533",1,"Pumping Plant",1.50380499204012,1.77596240400521,1.69468100565786,1.50003061252926,1.65974254277915,1.72559651019266,0,0,0,0,0,0,0,0,0,0,0,0.829416188769611,1.21617145344131,0.783427832581734,0,0.479972442564732,NA,0,0,0,0,0,0,0,0,0,0,0,0,0,0,0,0,0,0,0,0,0,0,0,0,0,0,10.2225241501304,10.2146455176304,0,0,0,0,0,0,0,0,0,0,0,0,10.2225241501304,10.2225241501304,0,0,0,0,0,0,0,0,0,NA,NA,0,0,0,0,0,2.75181099789138,0,0,0,0,4.69041575982343
"x543",3,"Land Reclamation, Abandoned Mined Land",0.311669428402098,0.368075109638386,1.66833881386007,1.47671407451067,0.319181258226759,0.765042787770145,0,0,0,1.38493576722439,0,0,0,0,0,0,0,0.829416188769611,0,0,0,0.959944885129465,NA,1.46274447049935,1.22504897332515,0,0,0,0,0,0,0,1.49755378409182,0,0,0,0,0,0,0,0,0,0,5.55302310221833,0,0,5.55302310221833,0,0,0,0,0,0,0,0,0,0,0,0,0,0,0,0,0,0,0,0,0,0,0,0,0,0,0,NA,NA,0,0,0,0,0,0,0,0,0,0,0
"x544",3,"Land Reclamation, Currently Mined Land",0.311669428402098,0.368075109638386,1.66833881386007,1.47671407451067,0.319181258226759,0.765042787770145,0,0,0,1.38493576722439,0,0,0,0,0,0,0,0.829416188769611,0,0,0,0.959944885129465,NA,1.46274447049935,1.22504897332515,0,0,0,0,0,0,0,1.49755378409182,0,0,0,0,0,0,0,0,0,0,5.55302310221833,0,0,5.55302310221833,0,0,0,0,0,0,0,0,0,0,0,0,0,0,0,0,0,0,0,0,0,0,0,0,0,0,0,NA,NA,0,0,0,0,0,0,0,0,0,0,0
"x548",2,"Grazing Land Mechanical Treatment",0.662297535354459,0.782159607981569,0.746362100937399,0.738357037255333,0.877748460123588,1.21556798501256,1.12385580558518,0,0,0,0,0,1.88656555998188,0,0,0,0,2.07354047192403,0,0,1.70782638868171,1.91988977025893,NA,2.92548894099871,0.612524486662575,0,0,0,0,0,0,0,0,0.221323794302164,0,0,0,0,0,0,0,0,0,0,0,0,0,0,0,0,0,0,0,0,0,0,0,0,0,0,0,0,0,0,0,0,0,0,0,0,0,0,0,0,NA,NA,0.544518714570054,1.19873883307248,0,0.842423539174232,0,0,0,0,0,0,0
"x550",4,"Range Planting",0.872674399525876,0.322065720933587,0.553186027753601,1.65547419931985,0.478771887340139,4.00372392266376,1.49847440744691,0.682412100207641,0,0.761714671973413,0.507023244758766,0,3.77313111996376,2.85399041574771,4.04748302031708,2.7046256672597,2.76968609208501,0,0,0,0.569275462893905,1.4399173276942,NA,2.19411670574903,0,0,0,0,0,0,0,0,0.599021513636728,0.663971382906491,0.695102274758135,1.08107793242382,0,0,0,0,0,0,0,0,0,0,0,0,0,0,0,0,0,0,0,0,1.69992824484103,0,0,0,0.565306877229903,0,0,0,0,0,0,0,0,0,0,0,0,2.14715954638845,NA,NA,1.45204990552014,2.39747766614496,0,4.21211769587116,0,0,0,0,0,0,0
"x554",4,"Drainage Water Management",1.65963970624117,1.93239432560152,1.84395342584534,1.81091778611045,1.67570160569049,1.78509983813034,0,0,0,0,0,0,0,0.778361022476649,0,0.386375095322815,0.39566944172643,1.65883237753922,3.64851436032393,3.13371133032694,0,3.83977954051786,NA,4.38823341149806,3.67514691997545,0,2.06178163832823,2.02345791274305,5.6704361519945,5.50761446783178,0,0,0,2.65588553162597,0,0,0,0,0,0,0,0,0,0,0,0,0,0,0,0,0,0,0,0,0,0,0,0,0,0,0,0,0,0,0,0,0,0,0,0,0,0,0,0,NA,NA,0,0,0,0,0,0,0,0,0,0,0
"x555",2,"Rock Barrier",0.740214892454984,0.874178385391166,0.834169406930034,0.738357037255333,0.758055488288553,0.807545164868486,0,0,0,3.32384584133853,0,0,0,0,0,0,0,0.414708094384806,0,0,0,0.959944885129465,NA,0,0,0,0,0,0,0,0,0,3.59412908182037,0,0,0,0,0,0,0,0,0,0,0,0,0,0,0,0,0,0,0,0,0,0,0,0,0,0,0,0,0,0,0,0,0,0,0,0,0,0,0,0,0,NA,NA,0,0,0,0,0,0,0,0,0,0,0
"x557",2,"Row Arrangement",0.973966963756558,0.782159607981569,0,0.660635243860035,0,0,0.187309300930864,0.272964840083057,0,0,0,0,0,0,0,0,0,0.622062141577208,0.608085726720654,0,0,1.91988977025893,NA,0.365686117624839,0.306262243331287,0.950490493243903,0,0,0,0,0,0,0,0.221323794302164,0,0,0,0,0,0,0,0,0,0,0,0,0,0,0,0,0,0,0,0,0,0,0,0,0,0,0,0,0,0,0,0,0,0,0,0,0,0,0,0,NA,NA,0,0,0,0,0,0,0,0,0,0,0
"x558",3,"Roof Runoff Structure",0.740214892454984,1.42629104984874,0.395132876966858,1.04924421083653,0.758055488288553,0.382521393885073,0.749237203723456,0,0,0.553974306889755,0,0,0,0,0,0,0,1.24412428315442,0,0,0,1.91988977025893,NA,0.731372235249677,0.612524486662575,0,0,0,0,0,0,0,0.599021513636728,0,0,0,5.34979770659981,0,0,5.34979770659981,0,0,0,0,0,0,0,0,0,0,0,0,0,0,0,0,0,0,0,0,0,0,0,0,0,0,0,0,0,0,0,0,0,0,NA,NA,0,0,0,0,0,0,0,0,0,0,0
"x560",2,"Access Road",0.233752071301574,0.920187774095964,0.878073059926351,0.777217933952982,0.239385943670069,0.850047541966828,0,0,0,3.18535226461609,0,0,0,0,0,0,0,0,0,0,0,0,NA,0,0,0,0,0,0,0,0,0,3.44437370341118,0,0,0,0,0,0,0,0,0,0,0,0,0,0,0,0,0,0,0,0,0,0,0,0,0,0,0,0,0,0,0,0,0,0,0,0,0,0,0,0,0,NA,NA,0,0,0,0,0,0,0,0,0,0,0
"x561",3,"Heavy Use Area Protection",0.389586785502623,1.61032860466794,1.4927242018748,1.16582690092947,0.638362516453518,0.59503327937678,2.24771161117037,0.136482420041528,0,2.1466504391978,0,0,0,0,0,0,0,0,0,0,0,0,NA,0,0,0,0,0,0,0,0,0,2.24633067613773,0,0,0,0,0,0,0,0,0,0,0,0,0,0,0,0,0,0,0,0,0,0,4.27425207132555,3.39985648968206,2.25448105445637,0,0,0,0,0,0,0,0,0,0,0,0,0,0,0,0,NA,NA,0,0,0,0,0,0,0,0,0,0,0
"x562",2,"Recreation Area Improvement",0.0389586785502623,0.0460093887047982,0.0439036529963176,0.0388608966976491,0.0398976572783449,0.0425023770983414,0,0,0,0,0,0,0,0,0,0,0,0.414708094384806,0,0,0,0,NA,0,0,0,0,0,0,0,0,0,0,0,0,0,0,0,0,0,0,0,0,0,0,0,0,0,0,0,0,0,0,0,0,0,0,0,0,0,0,0,0,0,0,0,0,0,0,0,0,0,0,0,NA,NA,0,0,0,0,0,0,0,0,0,0,0
"x566",2,"Recreation Land Grading and Shaping",0.0389586785502623,0.0460093887047982,0.0439036529963176,0.0388608966976491,0.0398976572783449,0.0425023770983414,0,0,0,0,0,0,0,0,0,0,0,0.414708094384806,0,0,0,0,NA,0,0,0,0,0,0,0,0,0,0,0,0,0,0,0,0,0,0,0,0,0,0,0,0,0,0,0,0,0,0,0,0,0,0,0,0,0,0,0,0,0,0,0,0,0,0,0,0,0,0,0,NA,NA,0,0,0,0,0,0,0,0,0,0,0
"x570",2,"Stormwater Runoff Control",0.701256213904721,0.828168996686368,0.790265753933716,0.699496140557684,0.718157831010208,0.765042787770145,0,0,0,0,0,0,0,0,0,0,0,2.48824856630883,0,0,0,2.87983465538839,NA,2.19411670574903,1.83757345998773,0,0,0,0,0,0,0,0,0,0,0,0,0,0,0,0,0,0,0,0,0,0,0,0,0,0,0,0,0,0,0,0,0,0,0,0,0,0,0,0,0,0,0,0,0,0,0,0,0,NA,NA,0,0,0,0,0,0,0,0,0,0,0
"x572",2,"Spoil Spreading",0.0389586785502623,0.0460093887047982,0.0439036529963176,0.0388608966976491,0.0398976572783449,0.0425023770983414,0,0,0,0,0,0,0,0,0,0,0,0.414708094384806,0,0,0,0,NA,0,0,0,0,0,0,0,0,0,0,0,0,0,0,0,0,0,0,0,0,0,0,0,0,0,0,0,0,0,0,0,0,0,0,0,0,0,0,0,0,0,0,0,0,0,0,0,0,0,0,0,NA,NA,0,0,0,0,0,0,0,0,0,0,0
"x574",3,"Spring Development",0.50646282115341,0.736150219276771,0.702458447941081,0.816078830650632,0.837850802845243,0.935052296163511,0,0,0,1.38493576722439,0,0,0,0,0,0,0,0,0,3.13371133032694,0,0.959944885129465,NA,0.731372235249677,0.612524486662575,0,0,0,0,0,0,0,1.49755378409182,0,0,0,0,5.90197706987526,0,0,0,0,0,0,0,0,0,0,0,0,0,0,0,0,0,0,0,0,0,0,0,0,0,0,0,0,0,0,0,0,0,0,0,0,NA,NA,0,0,0,0,0,3.30217319746965,0,0,0,0,0
"x575",2,"Trails and Walkways",0.116876035650787,0.874178385391166,0.834169406930034,0.738357037255333,0.758055488288553,0.807545164868486,0,0,0,2.76987153444877,0,0,0,0,0,0,0,0,0,0.783427832581734,0,0,NA,0,0,0,0,0,0,0,0,0,2.99510756818364,0,0,0,0,0,0,0,0,0,0,0,0,0,0,0,0,0,0,0,0,0,0,0,0,0,0,0,0,0,0,0,0,0,0,0,0,0,0,0,0,0,NA,NA,0,0,0,0,0,0,0.472438211976203,0.623278297738038,0,0,0
"x576",4,"Livestock Shelter Structure",0.397378521212675,0.469295764788942,0.447817260562439,0.396381146316021,1.12511393524933,1.10506180455688,0,0,0,0,0,0,0.628855186660627,1.42699520787386,0,0,0,0,0,0,5.80660972151783,0,NA,0,0,0,0,0,0,0,0,0,0,0,0,0,0,0,0,0,0,0,0,0,0,0,0,0,0,0,0,0,0,0,0,0,0,0,0,0,0,0,0,0,0,0,0,0,0,0,0,0,0,0,NA,NA,1.45204990552014,0,0,3.36969415669693,11.0232312824769,0,0,0,0,0,0
"x578",3,"Stream Crossing",0.584380178253935,0.460093887047982,0.439036529963176,0.582913450464737,0.598464859175174,0.425023770983414,0,0,0,0,6.08427893710519,0,0,0,0,0,0,0,0,0,0,0,NA,0,0,0,0,0,0,0,0,0,0,0,0,0,0,5.90197706987526,0,0,0,0,0,0,0,0,0,0,0,0,0,0,0,0,0,0,0,0,0,0,0,0,0,0,0,0,0,0,0,0,0,0,0,0,NA,NA,0,0,0,0,0,0,0,0,0,0,0
"x580",2,"Streambank and Shoreline Protection",0.857090928105771,1.01220655150556,0.965880365918986,0.854939727348281,0.877748460123588,0.935052296163511,0,0,0,0,6.08427893710519,0,0,0,0,0,0,1.65883237753922,0,0,0,0,NA,2.19411670574903,1.83757345998773,0,0,0,0,0,0,0,0,0,0,0,0,0,0,0,0,0,0,0,0,0,0,0,0,0,0,0,0,0,0,0,0,0,0,0,0,0,0,0,0,0,0,0,0,0,0,0,0,0,NA,NA,0,0,0,0,0,0,0,1.24655659547608,0,0,0
"x582",3,"Open Channel",1.01292564230682,1.19624410632475,1.14149497790426,1.01038331413888,1.03733908923697,1.10506180455688,0,0,0,0,0,0,0,0,0,0,0,4.14708094384806,3.64851436032393,3.13371133032694,0.569275462893905,1.4399173276942,NA,0.731372235249677,0.612524486662575,0,0,0,0,0,0,0,0,0,0,0,0,0,0,0,0,0,0,0,0,0,0,0,0,0,0,0,0,0,0,0,0,0,0,0,0,0,0,0,0,0,0,0,0,0,0,0,0,0,NA,NA,0,0,0,0,0,0,0,0,0,0,0
"x584",3,"Channel Bed Stabilization",0.857090928105771,1.01220655150556,1.84395342584534,1.63215766130126,1.67570160569049,1.78509983813034,0,0,0,2.76987153444877,6.08427893710519,0,0,0,0,0,0,0,0,0,0,0.959944885129465,NA,3.65686117624839,3.06262243331288,0,0,0,0,0,0,0,2.99510756818364,0,0,0,0,0,0,0,0,0,0,0,0,0,0,0,0,0,0,0,0,0,0,0,0,0,0,0,0,0,0,0,0,0,0,0,0,0,0,0,0,0,NA,NA,0,0,0,0,0,0,0,0,0,0,0
"x585",2,"Stripcropping",1.13759341366766,0.496901398011821,0.47415945236023,0.419697684334611,0.542608138985491,0.0340019016786731,0.187309300930864,0.409447260124585,1.31698133396981,0,0,0,0,0.389180511238325,0,0,0,0,0,0,2.84637731446952,1.59990814188244,NA,0,0,0,0.824712655331292,0.809383165097222,0,0,0,0,0.299510756818364,0.663971382906491,1.39020454951627,0.360359310807939,0,0,0,0,0,0,0,0,0,0,0,0,0,0,0,0,0,0,0,0,0.566642748280344,0,0,0,0,0,0,0,0,0,0,0,0,0,0,0,0,0,NA,NA,0,0,0,0,0,0,0,0,0,0,0
"x587",2,"Structure for Water Control",0.903841342366085,0.975399040541722,0.930757443521932,0.823851009990161,0.845830334300912,0.901050394484838,0,0,0.658490666984904,0.0692467883612193,0,0,0,0,0,0,0,1.65883237753922,2.43234290688262,0,0,1.91988977025893,NA,0,0,2.85147147973171,1.23706898299694,1.21407474764583,0,0,0,0,1.34779840568264,0,0,0,0,0,0,0,0,0,0,0,0,0,0,0,0,0,0,0,0,0,0,0,0,0,0,0,0,0,0,0,0,0,0,0,0,0,0,0,0,0,NA,NA,0,0,0,0,0,0,0,0,0,0,0
"x588",2,"Crosswind Ridges",0.350628106952361,0.138028166114395,0.131710958988953,0.116582690092947,0,0.127507131295024,0,0.136482420041528,0,0,0,0,0,0,0,0,0,0,0,0,0.474396219078254,0.799954070941221,NA,0,0,0,0,0,0,0,0,0,0,0,0,0,0,0,0,0,0,0,0,0,0,0,0,0,0,0,0,0,0,0,0,0,0.566642748280344,0,0,0,0,0,0,0,0,0,0,0,0,0,0,0,0,0,NA,NA,0,0,0,0,0,0,0,0,0,0,0
"x589C",2,"Cross Wind Trap Strips",0.592171913963987,0.966197162800762,0.263421917977905,0.816078830650632,0.199488286391725,0.467526148081755,0,3.13909566095515,0,0,0,0,0,0.259453674158883,0,0,0,0,0,0,0.948792438156508,1.59990814188244,NA,0,0,0,0,0,0,0,0,0,0,0,0.695102274758135,0,0,0,0,0,0,0,0,0,0,0,0,0,0,0,0,0,0,0,0,0,2.83321374140172,0,0,0,0,0,0,0,0,0,0,0,0,0,0,0,0,0,NA,NA,0,0,0,0,0,0,0,0,0,0,0
"x590",8,"Nutrient Management",3.0154017197903,3.98441306183552,3.16106301573486,3.07778301845381,3.16787398790059,1.64059175599598,0,0,0,0,0,0,0,1.5567220449533,2.02374151015854,1.54550038129126,1.18700832517929,0,0,0,0,0,NA,0,0,0,6.18534491498469,6.07037373822916,8.50565422799175,8.26142170174767,7.01259371332999,7.01259371332999,0,0,0,0,0,0,0,0,0,0,0,0,0,0,0,0,0,0,0,0,0,14.456832294801,0,0,0,4.50896210891275,0,14.456832294801,0,0,0,0,0,0,0,0,4.81359862341233,14.456832294801,0,14.456832294801,6.80345541983759,0,NA,NA,2.54108733466025,0,0,0,0,0,0,0,0,0,0
"x591",3,"Amendments for the Treatment of Agricultural Waste",0,1.24225349502955,0,0,0,0,0,0,0,0,0,0,0,0,0,0,0,0,0,0,0,0,NA,0,0,0,0,0,0,0,0,0,0,0,0,0,0,0,0,0,0,0,0,0,0,0,0,0,0,0,0,0,0,0,0,0,0,2.25448105445637,3.37128446031875,0,0,0,0,0,0,2.3686996970983,0,0,2.8881591740474,0,0,0,2.91576660850183,0,NA,NA,0,0,0,0,0,0,0,0,0,0,0
"x592",4,"Feed Management",0,2.4845069900591,0,0,0,0,0,0,0,0,0,0,0,0,0,0,0,0,0,0,0,0,NA,0,0,0,0,0,0,0,0,0,0,0,0,0,0,0,0,0,0,0,0,0,0,0,0,0,0,0,0,0,0,0,0,0,0,4.50896210891275,7.86633040741042,0,0,0,0,0,0,3.55304954564744,0,0,4.81359862341233,0,0,0,6.80345541983759,0,NA,NA,0,0,0,0,0,0,0,0,0,0,0
"x595",5,"Integrated Pest Management",1.27005292073855,1.38028166114395,1.43125908767995,1.34458702573866,1.38045894183073,1.47058224760261,0,0,0,0,0,0,0,1.94590255619162,0,1.93187547661407,1.18700832517929,0,0,0,0,0,NA,0,0,0,0,0,0,0,0,0,0,3.98382829743895,5.21326706068602,6.4864675945429,0,0,0,0,0,0,0,0,0,0,0,0,0,0,0,0,14.456832294801,0,0,0,0,0,0,0,0,0,0,0,0,0,0,14.456832294801,0,0,0,0,0,0,NA,NA,0,0,0,0,0,0,0,0,0,0,0
"x595",5,"Integrated Pest Management (Pest Management Conservation System)",1.27005292073855,1.38028166114395,1.43125908767995,1.34458702573866,1.38045894183073,1.47058224760261,0,0,0,0,0,0,0,1.94590255619162,0,1.93187547661407,1.18700832517929,0,0,0,0,0,NA,0,0,0,0,0,0,0,0,0,0,3.98382829743895,5.21326706068602,6.4864675945429,0,0,0,0,0,0,0,0,0,0,0,0,0,0,0,0,14.456832294801,0,0,0,0,0,0,0,0,0,0,0,0,0,0,14.456832294801,0,0,0,0,0,0,NA,NA,0,0,0,0,0,0,0,0,0,0,0
"x600",3,"Terrace",1.52718019917028,0.745352097017731,0.360009954569804,1.01815549347841,0.646342047909187,0.688538508993131,0.561927902792592,0,6.58490666984904,1.38493576722439,0,0,0,0,0,0,0,0.691180157308009,0,0,0,1.59990814188244,NA,0.609476862708064,0.510437072218813,0,1.64942531066258,1.61876633019444,0,0,0,0,1.79706454091018,3.45265119111375,0,0,0,0,0,0,0,0,0,0,0,0,0,0,0,0,0,0,0,0,0,0,0,0,0,0,0,0,0,0,0,0,0,0,0,0,0,0,0,0,NA,NA,0,0,0,0,0,0,0,0,0,0,0
"x601",2,"Vegetative Barrier",0.350628106952361,0.690140830571973,0.570747488952128,1.18914343894806,0.279283600948414,0.29751663968839,4.12080462047901,0,0,0,0,0,0,1.03781469663553,0,1.54550038129126,1.58267776690572,0,0,0,0,0,NA,0,0,0,2.06178163832823,2.02345791274305,0,0,0,0,1.79706454091018,1.32794276581298,0,0,0,0,0,0,0,0,0,0,0,0,0,0,0,0,0,0,0,0,0,0,0,0,0,0,0,0,0,0,0,0,0,0,0,0,0,0,0,0,NA,NA,0,0,0,0,0,0,0,0,0,0,0
"x602",2,"Equitable Relief",0,0,0,0,0,0,0,0,0,0,0,0,0,0,0,0,0,0,0,0,0,0,NA,0,0,0,0,0,0,0,0,0,0,0,0,0,0,0,0,0,0,0,0,0,0,0,0,0,0,0,0,0,0,0,0,0,0,0,0,0,0,0,0,0,0,0,0,0,0,0,0,0,0,0,NA,NA,0,0,0,0,0,0,0,0,0,0,0
"x603",3,"Herbaceous Wind Barriers",0.771381835295194,0.984600918282682,0.50050164415802,1.70987945469656,0.654321579364856,0.059503327937678,0,3.13909566095515,0,0,0,0,0,1.29726837079442,0,1.54550038129126,1.58267776690572,0,0,0,1.89758487631302,2.39986221282366,NA,0,0,0,0,0,0,0,0,0,0,0.79676565948779,4.17061364854881,0,0,0,0,0,0,0,0,0,0,0,0,0,0,0,0,0,0,0,0,0,1.69992824484103,0,0,0,0,0,0,0,0,0,0,0,0,0,0,0,0,0,NA,NA,0,0,0,0,0,0,0,0,0,0,0
"x604",2,"Saturated Buffer",0.280502485561889,0.322065720933587,0.307325570974223,0.279798456223074,0.367058446960773,0.306017115108058,0,0,0,0,0,0,0,1.81617571911218,0,0,0,0,0,0,0,1.4399173276942,NA,1.46274447049935,1.22504897332515,0,0,0,0,0,0,0,0,0,0,0,0,0,0,0,0,0,0,0,0,0,0,0,0,0,0,0,0,0,0,0,0,0,0,0,0,0,0,0,0,0,0,0,0,0,0,0,0,0,NA,NA,0,0,0,0,0,0,0,0,0,0,0
"x605",2,"Denitrifying Bioreactor",0.116876035650787,0.138028166114395,0.131710958988953,0.116582690092947,0.119692971835035,0.127507131295024,0,0,0,0,0,0,0,0,0,0,0,0,0,0,0,0,NA,0,0,0,4.12356327665646,0,2.83521807599725,0,0,0,0,0,0,0,0,0,0,0,0,0,0,0,0,0,0,0,0,0,0,0,0,0,0,0,0,0,0,0,0,0,0,0,0,0,0,0,0,0,0,0,0,0,NA,NA,0,0,0,0,0,0,0,0,0,0,0
"x606",4,"Subsurface Drain",1.59730582056075,1.79436615948713,1.71224246685638,1.51557497120832,1.55600863385545,1.65759270683531,0,0,0,1.73116970903048,0,0,0,0,0,0,0,4.14708094384806,6.08085726720654,6.26742266065387,0,0,NA,0,0,0,0,0,0,0,0,0,1.87194223011477,2.65588553162597,0,2.16215586484763,0,0,0,0,0,0,0,0,0,0,0,0,0,0,0,0,0,0,0,0,0,0,0,0,0,0,0,0,0,0,0,0,0,0,0,0,0,0,NA,NA,0,0,0,0,0,0,0,0,0,0,0
"x607",3,"Surface Drain, Field Ditch",0.779173571005246,0.920187774095964,0.878073059926351,0.777217933952982,0.797953145566898,0.850047541966828,0,0,0,0,0,0,0,0,0,0,0,4.14708094384806,3.64851436032393,3.13371133032694,0,0,NA,0,0,0,0,0,0,0,0,0,0,0,0,0,0,0,0,0,0,0,0,0,0,0,0,0,0,0,0,0,0,0,0,0,0,0,0,0,0,0,0,0,0,0,0,0,0,0,0,0,0,0,NA,NA,0,0,0,0,0,0,0,0,0,0,0
"x608",3,"Surface Drain, Main or Lateral",0.779173571005246,0.920187774095964,0.878073059926351,0.777217933952982,0.797953145566898,0.850047541966828,0,0,0,0,0,0,0,0,0,0,0,4.14708094384806,3.64851436032393,3.13371133032694,0,0,NA,0,0,0,0,0,0,0,0,0,0,0,0,0,0,0,0,0,0,0,0,0,0,0,0,0,0,0,0,0,0,0,0,0,0,0,0,0,0,0,0,0,0,0,0,0,0,0,0,0,0,0,NA,NA,0,0,0,0,0,0,0,0,0,0,0
"x609",2,"Surface Roughening",0.179209921331207,0.138028166114395,0.131710958988953,0.116582690092947,0.119692971835035,0.127507131295024,0,0.136482420041528,0,0,0,0,0,0,0,0,0,0,0,0,0,0,NA,0,0,0,0,0,0,0,0,0,0,0.132794276581298,0,0,0,0,0,0,0,0,0,0,0,0,0,0,0,0,0,0,0,0,0,0,2.03991389380924,0,0,0,0,0,0,0,0,0,0,0,0,0,0,0,0,0,NA,NA,0,0,0,0,0,0,0,0,0,0,0
"x610",4,"Salinity and Sodic Soil Management",0.631130592514249,0.276056332228789,0.263421917977905,0.629546526501916,0.726137362465877,0.697038984412799,0,0,0,0,0,0,0,1.94590255619162,10.1187075507927,0,0,0.414708094384806,0,0.783427832581734,0,1.91988977025893,NA,0,0,0,0,0,0,0,0,0,0,0,0,0,0,0,0,0,0,0,0,0,0,0,0,0,0,0,0,0,0,0,0,0,0,0,0,0,0,0,0,0,0,0,0,0,0,0,0,0,0,0,NA,NA,0,0,0,0,0,0,0,0,0,0,0
"x612",4,"Tree/Shrub Establishment",2.8361917984591,2.47530511231814,4.02157461446269,3.31872057797924,2.35396177942235,2.80515688849053,0,0,0,0,0.507023244758766,0,3.77313111996376,2.85399041574771,1.01187075507927,2.31825057193689,2.37401665035858,0.829416188769611,1.21617145344131,0,5.69275462893905,2.87983465538839,NA,4.38823341149806,3.67514691997545,0,0,0,0,0,0,0,0.673899202841319,1.54926656011515,0.695102274758135,2.52251517565557,0,0,0,0,0,0,0,0,0,0,0,0,0,0,0,0,0,0,0,0,0,0,0,0,6.59524690101554,0,0,0,0,0,0,0,0,0,0,0,0,1.4314396975923,NA,NA,3.08560604923031,3.19663688819327,0,0,0,0,3.77950569580962,1.24655659547608,2.46129458100666,0,2.34520787991171
"x614",4,"Watering Facility",0.50646282115341,0.368075109638386,0.763923562135926,0.505191657069439,1.4921723822101,1.37707701798626,1.49847440744691,0.272964840083057,0,0.830961460334632,0,0,0.628855186660627,1.29726837079442,0,0.386375095322815,0.39566944172643,0,0,1.56685566516347,0,0.479972442564732,NA,1.46274447049935,1.22504897332515,0,0,0,0,0,0,0,0.898532270455092,0,0,0,0,5.90197706987526,0,0,0,0,0,0,0,0,0,0,0,0,0,0,0,0,0,0,0,0,0,0,0,0,0,0,0,0,0,0,0,0,0,0,0,0,NA,NA,3.81163100199038,0,0,0,0,6.60434639493931,0,0.623278297738038,0,0,0
"x620",3,"Underground Outlet",1.28563639215866,1.74835677078233,1.66833881386007,1.47671407451067,1.19692971835035,1.27507131295024,0,0,0.658490666984904,2.56213116936512,0,0,0,0,0,0,0,2.48824856630883,3.64851436032393,4.7005669954904,0,0.959944885129465,NA,0.731372235249677,0.612524486662575,0,0,0,0,0,0,0,2.77047450056987,0,0,0,0,0,0,0,0,0,0,0,0,0,0,0,0,0,0,0,0,0,0,0,0,0,0,0,0,0,0,0,0,0,0,0,0,0,0,0,0,0,NA,NA,0,0,0,0,0,0,0,0,0,0,0
"x629",7,"Waste Treatment",1.55834714201049,3.12863843192628,0.878073059926351,1.55443586790596,1.5959062911338,0.850047541966828,0,0,0,0,0,0,0,0,0,0,0,0,0,0,0,0,NA,0,0,0,0,0,0,0,7.01259371332999,7.01259371332999,0,0,0,0,5.34979770659981,0,6.06195123266863,5.34979770659981,6.06195123266863,0,0,0,0,0,0,0,0,0,0,0,0,0,0,0,0,2.25448105445637,2.80940371693229,0,0,0,0,0,0,3.55304954564744,0,0,2.8881591740474,0,0,0,2.91576660850183,0,NA,NA,0,0,0,0,0,0,0,0,0,0,0
"x630",3,"Vertical Drain",1.09084299940734,0.920187774095964,0.878073059926351,0.777217933952982,1.11713440379366,1.19006655875356,0,0,0,0.830961460334632,0,0,0,0,0,0,0,4.14708094384806,6.08085726720654,0,0,0,NA,0,0,0,0,0,0,0,0,0,0.898532270455092,0,0,0,0,0,0,0,0,0,0,0,0,0,0,0,0,0,0,0,0,0,0,0,0,0,0,0,0,0,0,0,0,0,0,0,0,0,0,0,0,0,NA,NA,0,0,0,0,0,0,0,0,0,0,0
"x632",3,"Waste Separation Facility",0.389586785502623,0.644131441867175,0,0.388608966976491,0.398976572783449,0,0,0,0,0,0,0,0,0,0,0,0,0,0,0,0,0,NA,0,0,0,0,0,0,0,0,0,0,0,0,0,5.34979770659981,0,0,5.34979770659981,0,0,0,0,0,0,0,0,0,0,0,0,0,0,0,0,0,0,0,0,0,0,0,0,0,0,0,0,1.92543944936493,0,0,0,0,0,NA,NA,0,0,0,0,0,0,0,0,0,0,0
"x633",7,"Waste Recycling",2.34531244872579,1.42629104984874,0.439036529963176,1.173599080269,1.20490924980602,0.00850047541966828,0,0,0,0,0,0,0,0,0,0,0,0,0,0,0,0.14399173276942,NA,0,0,0,0,0,0,0,0,0,0,0,0,0,5.34979770659981,0,6.06195123266863,5.34979770659981,6.06195123266863,0,0,7.40403080295777,0,0,7.40403080295777,0,0,0,0,4.26308726669749,0,0,0,0,0,0,0,0,0,0,0,0,0,0,2.20464625649537,0,0,0,2.20464625649537,0,0,0,NA,NA,0,0,0,0,0,0,0,0,0,0,0
"x634",2,"Waste Transfer",0.155834714201049,0.184037554819193,0,0.155443586790596,0.398976572783449,0,0,0,0,0,0,0,0,0,0,0,0,0,0,0,0,0,NA,0,0,0,0,0,0,0,0,0,0,0,0,0,2.94238873862989,0,0,2.94238873862989,0,0,0,0,0,0,0,0,0,0,0,0,0,0,0,0,0,0,0,0,0,0,0,0,0,0,0,0,0,0,0,0,0,0,NA,NA,0,0,0,0,0,0,0,0,0,0,0
"x635",4,"Vegetated Treatment Area",1.16876035650787,1.38028166114395,0.878073059926351,1.8497786828081,1.19692971835035,0.850047541966828,0,0,0,0,0,0,0,1.03781469663553,0,1.54550038129126,1.58267776690572,0,0,0,0,0,NA,0,0,0,0,0,0,0,7.01259371332999,7.01259371332999,0,0,0,0,5.34979770659981,0,0,5.34979770659981,0,0,0,0,0,0,0,0,0,0,0,0,0,0,0,0,0,0,0,0,0,0,0,0,0,0,0,0,0,0,0,0,0,0,NA,NA,0,0,0,0,0,0,0,0,0,0,0
"x636",2,"Water Harvesting Catchment",0.155834714201049,0.184037554819193,0.17561461198527,0.155443586790596,0.199488286391725,0.212511885491707,0,0,0,0,0,0,0,0,0,0,0,0,0,0,0,1.91988977025893,NA,0,0,0,0,0,0,0,0,0,0,0,0,0,0,0,0,0,0,0,0,0,0,0,0,0,0,0,0,0,0,0,0,0,0,0,0,0,0,0,0,0,0,0,0,0,0,0,0,0,0,0,NA,NA,0,0,0,0,0,1.10072439915655,0,0,0,0,0
"x638",3,"Water and Sediment Control Basin",1.47263804919991,1.27906100599339,1.04490694131236,1.08033292819465,1.10915487233799,1.18156608333389,0,0,6.58490666984904,3.87782014822828,0,0,0,0,0,0,0,1.65883237753922,0,0,0,1.91988977025893,NA,0.731372235249677,0.612524486662575,0.570294295946342,1.23706898299694,1.21407474764583,0,0,0,0,1.34779840568264,3.45265119111375,0,0,0,0,0,0,0,0,0,0,0,0,0,0,0,0,0,0,0,0,0,0,0,0,0,0,0,0,0,0,0,0,0,0,0,0,0,0,0,0,NA,NA,0,0,0,0,0,0,0,0,0,0,0
"x640",2,"Waterspreading",0.467504142603148,0.552112664457578,0.526843835955811,0.466330760371789,0.478771887340139,0.510028525180097,0,0,0,0,0,0,0,0,0,0,0,1.65883237753922,0,0,0,1.91988977025893,NA,1.46274447049935,1.22504897332515,0,0,0,0,0,0,0,0,0,0,0,0,0,0,0,0,0,0,0,0,0,0,0,0,0,0,0,0,0,0,0,0,0,0,0,0,0,0,0,0,0,0,0,0,0,0,0,0,0,NA,NA,0,0,0,0,0,0,0,0,0,0,0
"x642",2,"Water Well",0.311669428402098,0.368075109638386,0.351229223970541,0.310887173581193,0.518669544618484,0.340019016786731,0,0,0,0,0,0,0,0,0,0,0,0,0,0.783427832581734,0,0.479972442564732,NA,1.46274447049935,1.22504897332515,1.14058859189268,0,0,0,0,0,0,0,0,0,0,0,0,0,0,0,0,0,0,0,0,0,0,0,0,0,0,0,0,0,0,0,0,0,0,0,0,0,0,0,0,0,0,0,0,0,0,0,0,NA,NA,0,0,0,0,0,2.75181099789138,0,0,0,0,0
"x643",3,"Restoration of Rare or Declining Natural Communities",0.701256213904721,1.28826288373435,1.22930228389689,1.08810510753418,0.718157831010208,1.14756418165522,1.49847440744691,4.23095502128738,0,0,0,0,0,0,0,0,0,0,0,1.56685566516347,0,0,NA,0,0,0,0,0,0,0,0,0,0,0,0,0,0,0,0,0,0,0,0,0,0,0,0,0,0,0,0,0,0,0,0,0,0,0,0,0,0,0,0,0,0,0,0,0,0,0,0,0,0,0,NA,NA,0,0,0,0,0,0,3.77950569580962,4.98622638190431,0,0,0
"x644",2,"Wetland Wildlife Habitat Management",0.623338856804197,0.736150219276771,0.702458447941081,0.621774347162386,0.638362516453518,0.680038033573462,0,0,0,0,0,0,0,0,0,0,0,0,0,0,0,0,NA,0,0,0,0,0,0,0,0,0,0,0,0,0,0,0,0,0,0,0,0,0,0,0,0,0,0,0,0,0,0,0,0,0,0,0,0,0,0,0,0,0,0,0,0,0,0,0,0,0,0,0,NA,NA,0,0,0,0,0,0,3.77950569580962,4.98622638190431,0,0,0
"x645",2,"Upland Wildlife Habitat Management",0.366211578372466,0.368075109638386,0.351229223970541,0.994838955459818,0.853809865756581,0.340019016786731,0,0,0,0,0,0,0,2.85399041574771,0,2.7046256672597,2.76968609208501,0,0,0,0,0,NA,0,0,0,0,0,0,0,0,0,0,0,0,0,0,0,0,0,0,0,0,0,0,0,0,0,0,0,0,0,0,0,0,0,0,0,0,0,0,0,0,0,0,0,0,0,0,0,0,0,0,0,NA,NA,0,0,0,0,0,0,3.77950569580962,0,0,0,0
"x646",2,"Shallow Water Development and Management",0.623338856804197,0.736150219276771,0.439036529963176,0.621774347162386,0.638362516453518,0.680038033573462,0,0,0,0,0,0,0,0,0,0,0,0,0,0,0,0,NA,0,0,0,0,0,0,0,0,0,0,0,0,0,0,0,0,0,0,0,0,0,0,0,0,0,0,0,0,0,0,0,0,0,0,0,0,0,0,0,0,0,0,0,0,0,0,0,0,0,0,0,NA,NA,0,0,0,0,0,0,3.30706748383342,4.98622638190431,0,0,0
"x647",2,"Early Successional Habitat Development/Management",0.311669428402098,0.368075109638386,0.351229223970541,0.831623189329691,0.319181258226759,0.340019016786731,0,0,0,0,0,0,0,0.908087859556091,0,1.15912528596844,1.18700832517929,0,0,0,0,0,NA,0,0,0,0,0,0,0,0,0,0,0,0,0,0,0,0,0,0,0,0,0,0,0,0,0,0,0,0,0,0,0,0,0,0,0,0,0,0,0,0,0,0,0,0,0,0,0,0,0,0,0,NA,NA,0,0,0,0,0,0,3.77950569580962,0,0,0,0
"x649",2,"Structures for Wildlife",0.389586785502623,0.460093887047982,0.439036529963176,0.388608966976491,0.398976572783449,0.425023770983414,0,0,0,0,0,0,0,0,0,0,0,0,0,0,0,0,NA,0,0,0,0,0,0,0,0,0,0,0,0,0,0,0,0,0,0,0,0,0,0,0,0,0,0,0,0,0,0,0,0,0,0,0,0,0,0,0,0,0,0,0,0,0,0,0,0,0,0,0,NA,NA,0,0,0,0,0,0,3.77950569580962,1.24655659547608,0,0,0
"x650",4,"Windbreak/Shelterbelt Renovation",1.65963970624117,1.68394362659561,1.43125908767995,1.38344792243631,1.73953785733584,2.21012360911375,0,0.682412100207641,0,0,0,0,0,0.908087859556091,0,1.15912528596844,1.18700832517929,0,0,0,5.69275462893905,2.87983465538839,NA,0.731372235249677,0.612524486662575,1.42573573986586,0.824712655331292,0.809383165097222,0,0,0,0,0.898532270455092,1.32794276581298,4.17061364854881,0,0,0,0,0,0,0,0,0,0,0,0,0,0,0,0,0,0,0,1.33653461845355,1.70970082853022,1.35994259587282,0.90179242178255,0,0,1.88435625743301,0,0,0,0,0,0,0,1.4440795870237,0,0,0,1.45788330425091,0,NA,NA,0,0,0,0,6.61393876948612,0,0,0,0,0,2.34520787991171
"x654",3,"Road/Trail/Landing Closure & Treatment",0.818132249555508,1.70234738207753,2.06347169082693,1.43785317781302,1.48419285075443,1.99761172362205,2.6223302130321,0,0,2.76987153444877,0,0,1.88656555998188,0,0,0,0,2.07354047192403,3.04042863360327,0,1.13855092578781,2.39986221282366,NA,0.731372235249677,0.612524486662575,0,0,0,0,0,0,0,3.01008310602456,0,0,0,0,0,0,0,0,0,0,0,0,0,0,0,0,0,0,0,0,0,0,0,0,0,0,0,0,0,0,0,0,0,0,0,0,0,0,0,0,0,NA,NA,0,0,0,0,0,0,0.472438211976203,0.623278297738038,0,0,0
"x655",2,"Forest Trails and Landings",0.0779173571005246,0.0920187774095964,1.4927242018748,0.0777217933952982,0,0.0850047541966828,0,0,0,0,0,0,1.88656555998188,0.908087859556091,1.5178061326189,1.15912528596844,1.18700832517929,0,0,0,0,0,NA,0.609476862708064,0.510437072218813,0,0,0,0,0,0,0,0,0,0,0,0,0,0,0,0,0,0,0,0,0,0,0,0,0,0,0,0,0,0,0,0,0,0,0,0,0,0,0,0,0,0,0,0,0,0,0,0,1.07357977319423,NA,NA,0.544518714570054,0,1.10410769008988,0,0,0,0,0,0,0,0
"x656",3,"Constructed Wetland",0.529838028283567,0.625727686385256,0.597089680749919,0.528508195088028,0.542608138985491,0.578032328537443,0,0,0,0,0,0,0,0,0,0,0,0.414708094384806,0,0,0,0,NA,0,0,0,2.06178163832823,2.02345791274305,5.6704361519945,5.50761446783178,0,0,1.79706454091018,2.12470842530077,0,2.16215586484763,0,0,0,0,0,0,0,0,0,0,0,0,0,0,0,0,0,0,0,0,0,0,0,0,0,0,0,0,0,0,0,0,0,0,0,0,0,0,NA,NA,0,0,0,0,0,0,0,0,0,0,0
"x657",7,"Wetland Restoration",1.74534879905175,1.51830982725834,1.88785707884166,2.51818610600766,2.58536819163675,2.75415403597252,0,0,0,0,0,10.2225241501304,0,4.67016613485989,0,5.79562642984222,5.93504162589645,0.829416188769611,2.43234290688262,3.13371133032694,0,1.4399173276942,NA,1.46274447049935,1.22504897332515,0,0,0,0,0,0,0,0,0,0,0,0,0,0,0,0,0,0,0,0,0,0,0,0,0,0,0,0,0,0,0,0,0,0,0,0,0,0,0,0,0,0,0,0,0,0,0,0,0,NA,NA,0,0,0,0,0,0,3.77950569580962,4.98622638190431,0,0,0
"x658",4,"Wetland Creation",0.420753728342833,0.414084498343184,0.395132876966858,1.19691561828759,1.22884784417302,1.30907321462892,0,0,0,0,0,0,0,4.67016613485989,0,5.79562642984222,5.93504162589645,0.414708094384806,0,0,0,0.959944885129465,NA,0.731372235249677,0.612524486662575,0,0,0,0,0,0,0,0,0,0,0,0,0,0,0,0,0,0,0,0,0,0,0,0,0,0,0,0,0,0,0,0,0,0,0,0,0,0,0,0,0,0,0,0,0,0,0,0,0,NA,NA,0,0,0,0,0,0,1.88975284790481,0,0,0,0
"x659",7,"Wetland Enhancement",1.62847276340096,1.38028166114395,1.7561461198527,2.40160341591472,2.46567521980172,2.6266469046775,0,0,0,0,0,10.2225241501304,0,4.67016613485989,0,5.79562642984222,5.93504162589645,0.829416188769611,2.43234290688262,2.3502834977452,0,1.4399173276942,NA,0.731372235249677,0.612524486662575,0,0,0,0,0,0,0,0,0,0,0,0,0,0,0,0,0,0,0,0,0,0,0,0,0,0,0,0,0,0,0,0,0,0,0,0,0,0,0,0,0,0,0,0,0,0,0,0,0,NA,NA,0,0,0,0,0,0,3.77950569580962,4.98622638190431,0,0,0
"x660",2,"Tree/Shrub Pruning",0,0,0.17561461198527,0,0,0,0,0,0,0,0,0,0,0,0,0,0,0,0,0,0,0,NA,0,0,0,0,0,0,0,0,0,0,0,0,0,0,0,0,0,0,0,0,0,0,0,0,0,0,0,0,0,0,0,0,0,0,0,0,0,0,0,0,0,0,0,0,0,0,0,0,0,0,0,NA,NA,0,0,1.47214358678651,0,0,0,0,0,0,0,0
"x666",3,"Forest Stand Improvement",0.662297535354459,0.782159607981569,3.32789689712087,0.660635243860035,0.239385943670069,0.722540410671804,0.374618601861728,0,0,0.415480730167316,0,0,1.25771037332125,0.648634185397208,1.01187075507927,0.77275019064563,0.79133888345286,0,0.506738105600545,0,0,1.59990814188244,NA,1.82843058812419,1.53131121665644,0,0,0,0,0,0,0,0.449266135227546,0,0,0,0,0,0,0,0,0,0,0,0,0,0,0,0,0,0,0,0,0,0,0,0,0,0,0,0.565306877229903,0,0,0,0,0,0,0,0,0,0,0,0,3.57859924398075,NA,NA,1.63355614371016,1.59831844409664,2.20821538017977,0,0,0,2.83462927185722,0,0,0,0
"x670",2,"Lighting System Improvement",0.0779173571005246,0.0920187774095964,0.0878073059926351,0.0777217933952982,0.0797953145566898,0.0850047541966828,0,0,0,0,0,0,0,0,0,0,0,0,0,0,0,0,NA,0,0,0,0,0,0,0,0,0,0,0,0,0,0,0,0,0,0,0,0,0,0,0,0,0,0,0,0,0,0,0,0,0,0,0,0,0,0,0,0,0,0,0,0,0,0,0,0,0,0,0,NA,NA,0,0,0,0,0,0,0,0,0,3.506296856665,2.34520787991171
"x672",3,"Building Envelope Improvement",0.0779173571005246,0.0920187774095964,0.0878073059926351,0.0777217933952982,0.0797953145566898,0.0850047541966828,0,0,0,0,0,0,0,0,0,0,0,0,0,0,0,0,NA,0,0,0,0,0,0,0,0,0,0,0,0,0,0,0,0,0,0,0,0,0,0,0,0,0,0,0,0,0,0,0,0,0,0,0,0,0,0,0,0,0,0,0,0,0,0,0,0,0,0,0,NA,NA,0,0,0,0,0,0,0,0,0,7.01259371332999,0
"x706",2,"Shellfish Aquaculture Management",0,0,0,0,0,0,0,0,0,0,0,0,0,0,0,0,0,0,0,0,0,0,NA,0,0,0,0,0,0,0,0,0,0,0,0,0,0,0,0,0,0,0,0,0,0,0,0,0,0,0,0,0,0,0,0,0,0,0,0,0,0,0,0,0,0,0,0,0,0,0,0,0,0,0,NA,NA,0,0,0,0,0,0,0,0,0,0,0
"x713",2,"Fueling Facility, Above Ground Storage",0,0,0,0,0,0,0,0,0,0,0,0,0,0,0,0,0,0,0,0,0,0,NA,0,0,0,0,0,0,0,0,0,0,0,0,0,0,0,0,0,0,0,0,0,0,0,0,0,0,0,0,0,0,0,0,0,0,0,0,0,0,0,0,0,0,0,0,0,0,0,0,0,0,0,NA,NA,0,0,0,0,0,0,0,0,0,0,0
"x714",2,"Floodproofing",0,0,0,0,0,0,0,0,0,0,0,0,0,0,0,0,0,0,0,0,0,0,NA,0,0,0,0,0,0,0,0,0,0,0,0,0,0,0,0,0,0,0,0,0,0,0,0,0,0,0,0,0,0,0,0,0,0,0,0,0,0,0,0,0,0,0,0,0,0,0,0,0,0,0,NA,NA,0,0,0,0,0,0,0,0,0,0,0
"x716",2,"Renewable Energy System",0,0,0,0,0,0,0,0,0,0,0,0,0,0,0,0,0,0,0,0,0,0,NA,0,0,0,0,0,0,0,0,0,0,0,0,0,0,0,0,0,0,0,0,0,0,0,0,0,0,0,0,0,0,0,0,0,0,0,0,0,0,0,0,0,0,0,0,0,0,0,0,0,0,0,NA,NA,0,0,0,0,0,0,0,0,0,0,0
"x724",2,"Water Treatment Facility",0,0,0,0,0,0,0,0,0,0,0,0,0,0,0,0,0,0,0,0,0,0,NA,0,0,0,0,0,0,0,0,0,0,0,0,0,0,0,0,0,0,0,0,0,0,0,0,0,0,0,0,0,0,0,0,0,0,0,0,0,0,0,0,0,0,0,0,0,0,0,0,0,0,0,NA,NA,0,0,0,0,0,0,0,0,0,0,0
"x735",2,"Waste Gassification Facility",0,0,0,0,0,0,0,0,0,0,0,0,0,0,0,0,0,0,0,0,0,0,NA,0,0,0,0,0,0,0,0,0,0,0,0,0,0,0,0,0,0,0,0,0,0,0,0,0,0,0,0,0,0,0,0,0,0,0,0,0,0,0,0,0,0,0,0,0,0,0,0,0,0,0,NA,NA,0,0,0,0,0,0,0,0,0,0,0
"x736",2,"Crop By-Product Transfer",0,0,0,0,0,0,0,0,0,0,0,0,0,0,0,0,0,0,0,0,0,0,NA,0,0,0,0,0,0,0,0,0,0,0,0,0,0,0,0,0,0,0,0,0,0,0,0,0,0,0,0,0,0,0,0,0,0,0,0,0,0,0,0,0,0,0,0,0,0,0,0,0,0,0,NA,NA,0,0,0,0,0,0,0,0,0,0,0
"x737",2,"Reduced Water and Energy Coffee Conveyance System",0,0,0,0,0,0,0,0,0,0,0,0,0,0,0,0,0,0,0,0,0,0,NA,0,0,0,0,0,0,0,0,0,0,0,0,0,0,0,0,0,0,0,0,0,0,0,0,0,0,0,0,0,0,0,0,0,0,0,0,0,0,0,0,0,0,0,0,0,0,0,0,0,0,0,NA,NA,0,0,0,0,0,0,0,0,0,0,0
"x739",2,"VEGETATED SUBSURFACE DRAIN OUTLET",0,0,0,0,0,0,0,0,0,0,0,0,0,0,0,0,0,0,0,0,0,0,NA,0,0,0,0,0,0,0,0,0,0,0,0,0,0,0,0,0,0,0,0,0,0,0,0,0,0,0,0,0,0,0,0,0,0,0,0,0,0,0,0,0,0,0,0,0,0,0,0,0,0,0,NA,NA,0,0,0,0,0,0,0,0,0,0,0
"x740",2,"Pond Sealing and Lining, Soil Cement",0.311669428402098,0.368075109638386,0.351229223970541,0.310887173581193,0.319181258226759,0.340019016786731,0,0,0,0,0,0,0,0,0,0,0,0.829416188769611,1.21617145344131,1.56685566516347,0,0,NA,0,0,1.14058859189268,0,0,0,0,0,0,0,0,0,0,0,0,0,0,0,0,0,0,0,0,0,0,0,0,0,0,0,0,0,0,0,0,0,0,0,0,0,0,0,0,0,0,0,0,0,0,0,0,NA,NA,0,0,0,0,0,0,0,0,0,0,0
"x749",2,"Waste Field Storage Area",0,0,0,0,0,0,0,0,0,0,0,0,0,0,0,0,0,0,0,0,0,0,NA,0,0,0,0,0,0,0,0,0,0,0,0,0,0,0,0,0,0,0,0,0,0,0,0,0,0,0,0,0,0,0,0,0,0,0,0,0,0,0,0,0,0,0,0,0,0,0,0,0,0,0,NA,NA,0,0,0,0,0,0,0,0,0,0,0
"x751",2,"Individual Terrace",0,0,0,0,0,0,0,0,0,0,0,0,0,0,0,0,0,0,0,0,0,0,NA,0,0,0,0,0,0,0,0,0,0,0,0,0,0,0,0,0,0,0,0,0,0,0,0,0,0,0,0,0,0,0,0,0,0,0,0,0,0,0,0,0,0,0,0,0,0,0,0,0,0,0,NA,NA,0,0,0,0,0,0,0,0,0,0,0
"x753",2,"Infiltration Ditches",0,0,0,0,0,0,0,0,0,0,0,0,0,0,0,0,0,0,0,0,0,0,NA,0,0,0,0,0,0,0,0,0,0,0,0,0,0,0,0,0,0,0,0,0,0,0,0,0,0,0,0,0,0,0,0,0,0,0,0,0,0,0,0,0,0,0,0,0,0,0,0,0,0,0,NA,NA,0,0,0,0,0,0,0,0,0,0,0
"x755",2,"Well Plugging",0.389586785502623,0.460093887047982,0.439036529963176,0.388608966976491,0.398976572783449,0.425023770983414,0,0,0,0,0,0,0,0,0,0,0,0,0,0,0,0,NA,0,6.12524486662575,0,0,0,0,0,0,0,0,0,0,0,0,0,0,0,0,0,0,0,0,0,0,0,0,0,0,0,0,0,0,0,0,0,0,0,0,0,0,0,0,0,0,0,0,0,0,0,0,0,NA,NA,0,0,0,0,0,0,0,0,0,0,0
"x758",2,"Structure Sediment Removal",0,0,0,0,0,0,0,0,0,0,0,0,0,0,0,0,0,0,0,0,0,0,NA,0,0,0,0,0,0,0,0,0,0,0,0,0,0,0,0,0,0,0,0,0,0,0,0,0,0,0,0,0,0,0,0,0,0,0,0,0,0,0,0,0,0,0,0,0,0,0,0,0,0,0,NA,NA,0,0,0,0,0,0,0,0,0,0,0
"x770",2,"Livestock Confinement Facility",0,0,0,0,0,0,0,0,0,0,0,0,0,0,0,0,0,0,0,0,0,0,NA,0,0,0,0,0,0,0,0,0,0,0,0,0,0,0,0,0,0,0,0,0,0,0,0,0,0,0,0,0,0,0,0,0,0,0,0,0,0,0,0,0,0,0,0,0,0,0,0,0,0,0,NA,NA,0,0,0,0,0,0,0,0,0,0,0
"x772",2,"ORGANIC SORBENTS FOR THE REMEDIATION OF OIL-CONTAMINATED SOILS",0,0,0,0,0,0,0,0,0,0,0,0,0,0,0,0,0,0,0,0,0,0,NA,0,0,0,0,0,0,0,0,0,0,0,0,0,0,0,0,0,0,0,0,0,0,0,0,0,0,0,0,0,0,0,0,0,0,0,0,0,0,0,0,0,0,0,0,0,0,0,0,0,0,0,NA,NA,0,0,0,0,0,0,0,0,0,0,0
"x775",2,"Drainage Ditch Covering",0,0,0,0,0,0,0,0,0,0,0,0,0,0,0,0,0,0,0,0,0,0,NA,0,0,0,0,0,0,0,0,0,0,0,0,0,0,0,0,0,0,0,0,0,0,0,0,0,0,0,0,0,0,0,0,0,0,0,0,0,0,0,0,0,0,0,0,0,0,0,0,0,0,0,NA,NA,0,0,0,0,0,0,0,0,0,0,0
"x779",2,"Livestock Cooling Pond",0,0,0,0,0,0,0,0,0,0,0,0,0,0,0,0,0,0,0,0,0,0,NA,0,0,0,0,0,0,0,0,0,0,0,0,0,0,0,0,0,0,0,0,0,0,0,0,0,0,0,0,0,0,0,0,0,0,0,0,0,0,0,0,0,0,0,0,0,0,0,0,0,0,0,NA,NA,0,0,0,0,0,0,0,0,0,0,0
"x782",2,"Phosphorous Removal System",0,0,0,0,0,0,0,0,0,0,0,0,0,0,0,0,0,0,0,0,0,0,NA,0,0,0,0,0,0,0,0,0,0,0,0,0,0,0,0,0,0,0,0,0,0,0,0,0,0,0,0,0,0,0,0,0,0,0,0,0,0,0,0,0,0,0,0,0,0,0,0,0,0,0,NA,NA,0,0,0,0,0,0,0,0,0,0,0
"x783",2,"Pathogen Management",0,0,0,0,0,0,0,0,0,0,0,0,0,0,0,0,0,0,0,0,0,0,NA,0,0,0,0,0,0,0,0,0,0,0,0,0,0,0,0,0,0,0,0,0,0,0,0,0,0,0,0,0,0,0,0,0,0,0,0,0,0,0,0,0,0,0,0,0,0,0,0,0,0,0,NA,NA,0,0,0,0,0,0,0,0,0,0,0
"x796",2,"Milking Center Wastewater Treatment",0,0,0,0,0,0,0,0,0,0,0,0,0,0,0,0,0,0,0,0,0,0,NA,0,0,0,0,0,0,0,0,0,0,0,0,0,0,0,0,0,0,0,0,0,0,0,0,0,0,0,0,0,0,0,0,0,0,0,0,0,0,0,0,0,0,0,0,0,0,0,0,0,0,0,NA,NA,0,0,0,0,0,0,0,0,0,0,0
"x800",2,"Controlling Existing Flowing Wells",0,0,0,0,0,0,0,0,0,0,0,0,0,0,0,0,0,0,0,0,0,0,NA,0,0,0,0,0,0,0,0,0,0,0,0,0,0,0,0,0,0,0,0,0,0,0,0,0,0,0,0,0,0,0,0,0,0,0,0,0,0,0,0,0,0,0,0,0,0,0,0,0,0,0,NA,NA,0,0,0,0,0,0,0,0,0,0,0
"x802",2,"Storage Facility - Nursery Substrate",0,0,0,0,0,0,0,0,0,0,0,0,0,0,0,0,0,0,0,0,0,0,NA,0,0,0,0,0,0,0,0,0,0,0,0,0,0,0,0,0,0,0,0,0,0,0,0,0,0,0,0,0,0,0,0,0,0,0,0,0,0,0,0,0,0,0,0,0,0,0,0,0,0,0,NA,NA,0,0,0,0,0,0,0,0,0,0,0
"x803",2,"Water Well Disinfection",0,0,0,0,0,0,0,0,0,0,0,0,0,0,0,0,0,0,0,0,0,0,NA,0,0,0,0,0,0,0,0,0,0,0,0,0,0,0,0,0,0,0,0,0,0,0,0,0,0,0,0,0,0,0,0,0,0,0,0,0,0,0,0,0,0,0,0,0,0,0,0,0,0,0,NA,NA,0,0,0,0,0,0,0,0,0,0,0
